{"eventVersion": "1.08", "userIdentity": {"type": "IAMUser", "principalId": "AIDAYTOGP2RLEHRX5YWNV", "arn": "arn:aws:iam::121521347698:user/bhavin_cli", "accountId": "121521347698", "accessKeyId": "AKIAYTOGP2RLLAA6NJUM", "userName": "bhavin_cli"}, "eventTime": "2021-03-02T21:18:24Z", "eventSource": "iam.amazonaws.com", "eventName": "CreateAccessKey", "awsRegion": "us-east-1", "sourceIPAddress": "12.25.72.12", "userAgent": "aws-cli/2.0.62 Python/3.9.0 Darwin/19.6.0 source/x86_64 command/iam.create-access-key", "requestParameters": {"userName": "AtomicRedTeam"}, "responseElements": {"accessKey": {"userName": "AtomicRedTeam", "accessKeyId": "AKIAYTOGP2RLOQ4ULYGT", "status": "Active", "createDate": "Mar 2, 2021 9:18:24 PM"}}, "requestID": "12c8773d-6c78-46bf-a8e4-f841adc8f70d", "eventID": "5772e8d5-cccc-470d-81ef-acacfe85a804", "readOnly": false, "eventType": "AwsApiCall", "managementEvent": true, "eventCategory": "Management", "recipientAccountId": "121521347698"}
{"eventVersion": "1.08", "userIdentity": {"type": "IAMUser", "principalId": "AIDAYTOGP2RLEHRX5YWNV", "arn": "arn:aws:iam::121521347698:user/bhavin_cli", "accountId": "121521347698", "accessKeyId": "AKIAYTOGP2RLLAA6NJUM", "userName": "bhavin_cli"}, "eventTime": "2021-03-02T21:14:13Z", "eventSource": "iam.amazonaws.com", "eventName": "CreateAccessKey", "awsRegion": "us-east-1", "sourceIPAddress": "12.25.72.12", "userAgent": "aws-cli/2.0.62 Python/3.9.0 Darwin/19.6.0 source/x86_64 command/iam.create-access-key", "requestParameters": {"userName": "AtomicRedTeam"}, "responseElements": {"accessKey": {"userName": "AtomicRedTeam", "accessKeyId": "AKIAYTOGP2RLHVL2FRH2", "status": "Active", "createDate": "Mar 2, 2021 9:14:13 PM"}}, "requestID": "10009901-bb2a-4347-925d-3dafd125ec84", "eventID": "b452da24-035c-4766-a1ed-c607e3609b97", "readOnly": false, "eventType": "AwsApiCall", "managementEvent": true, "eventCategory": "Management", "recipientAccountId": "121521347698"}
{"eventVersion": "1.08", "userIdentity": {"type": "IAMUser", "principalId": "AIDAYTOGP2RLEHRX5YWNV", "arn": "arn:aws:iam::121521347698:user/bhavin_cli", "accountId": "121521347698", "accessKeyId": "AKIAYTOGP2RLLAA6NJUM", "userName": "bhavin_cli"}, "eventTime": "2021-03-02T21:02:38Z", "eventSource": "iam.amazonaws.com", "eventName": "CreateAccessKey", "awsRegion": "us-east-1", "sourceIPAddress": "12.25.72.12", "userAgent": "aws-cli/2.0.62 Python/3.9.0 Darwin/19.6.0 source/x86_64 command/iam.create-access-key", "requestParameters": {"userName": "AtomicRedTeam"}, "responseElements": {"accessKey": {"userName": "AtomicRedTeam", "accessKeyId": "AKIAYTOGP2RLKMZDMPVA", "status": "Active", "createDate": "Mar 2, 2021 9:02:38 PM"}}, "requestID": "73f8a7ff-748c-4d2f-88b8-02f705324f6b", "eventID": "c4eb87d3-ed52-4fac-b831-6cc4f92c56a9", "readOnly": false, "eventType": "AwsApiCall", "managementEvent": true, "eventCategory": "Management", "recipientAccountId": "121521347698"}
{"eventVersion": "1.08", "userIdentity": {"type": "IAMUser", "principalId": "AIDAYTOGP2RLEHRX5YWNV", "arn": "arn:aws:iam::121521347698:user/bhavin_cli", "accountId": "121521347698", "accessKeyId": "AKIAYTOGP2RLLAA6NJUM", "userName": "bhavin_cli"}, "eventTime": "2021-03-02T20:58:29Z", "eventSource": "iam.amazonaws.com", "eventName": "CreateAccessKey", "awsRegion": "us-east-1", "sourceIPAddress": "12.25.72.12", "userAgent": "aws-cli/2.0.62 Python/3.9.0 Darwin/19.6.0 source/x86_64 command/iam.create-access-key", "requestParameters": {"userName": "AtomicRedTeam"}, "responseElements": {"accessKey": {"userName": "AtomicRedTeam", "accessKeyId": "AKIAYTOGP2RLKS4UAN6Y", "status": "Active", "createDate": "Mar 2, 2021 8:58:29 PM"}}, "requestID": "ffa8be62-fe10-46e4-89a7-e2cb274c303a", "eventID": "33c28e94-9590-40d2-a772-ea0703486227", "readOnly": false, "eventType": "AwsApiCall", "managementEvent": true, "eventCategory": "Management", "recipientAccountId": "121521347698"}
{"eventVersion": "1.08", "userIdentity": {"type": "IAMUser", "principalId": "AIDAYTOGP2RLEHRX5YWNV", "arn": "arn:aws:iam::121521347698:user/bhavin_cli", "accountId": "121521347698", "accessKeyId": "AKIAYTOGP2RLLAA6NJUM", "userName": "bhavin_cli"}, "eventTime": "2021-03-02T20:47:23Z", "eventSource": "iam.amazonaws.com", "eventName": "CreateAccessKey", "awsRegion": "us-east-1", "sourceIPAddress": "12.25.72.12", "userAgent": "aws-cli/2.0.62 Python/3.9.0 Darwin/19.6.0 source/x86_64 command/iam.create-access-key", "requestParameters": {"userName": "AtomicRedTeam"}, "responseElements": {"accessKey": {"userName": "AtomicRedTeam", "accessKeyId": "AKIAYTOGP2RLEPENDXWM", "status": "Active", "createDate": "Mar 2, 2021 8:47:23 PM"}}, "requestID": "6a956db1-9493-4a0a-ada1-48c929945162", "eventID": "d28daf11-ac8d-4cec-ba0a-d75c6e7f48af", "readOnly": false, "eventType": "AwsApiCall", "managementEvent": true, "eventCategory": "Management", "recipientAccountId": "121521347698"}
{"eventVersion": "1.08", "userIdentity": {"type": "IAMUser", "principalId": "AIDAYTOGP2RLEHRX5YWNV", "arn": "arn:aws:iam::121521347698:user/bhavin_cli", "accountId": "121521347698", "accessKeyId": "AKIAYTOGP2RLNWREA6ND", "userName": "bhavin_cli"}, "eventTime": "2021-02-26T02:26:30Z", "eventSource": "iam.amazonaws.com", "eventName": "CreateAccessKey", "awsRegion": "us-east-1", "sourceIPAddress": "12.25.72.12", "userAgent": "aws-cli/2.0.62 Python/3.9.0 Darwin/19.6.0 source/x86_64 command/iam.create-access-key", "requestParameters": {"userName": "AtomicRedTeam"}, "responseElements": {"accessKey": {"userName": "AtomicRedTeam", "accessKeyId": "AKIAYTOGP2RLKMUJWQ6M", "status": "Active", "createDate": "Feb 26, 2021 2:26:30 AM"}}, "requestID": "32ca230e-f3fa-4bcf-a296-b227c4ff0bbd", "eventID": "808b514d-4cc9-40b8-ac8f-1e4856ce8b27", "readOnly": false, "eventType": "AwsApiCall", "managementEvent": true, "eventCategory": "Management", "recipientAccountId": "121521347698"}
{"eventVersion": "1.08", "userIdentity": {"type": "IAMUser", "principalId": "AIDAYTOGP2RLEHRX5YWNV", "arn": "arn:aws:iam::121521347698:user/bhavin_cli", "accountId": "121521347698", "accessKeyId": "AKIAYTOGP2RLNWREA6ND", "userName": "bhavin_cli"}, "eventTime": "2021-02-26T01:56:01Z", "eventSource": "iam.amazonaws.com", "eventName": "CreateAccessKey", "awsRegion": "us-east-1", "sourceIPAddress": "12.25.72.12", "userAgent": "aws-cli/2.0.62 Python/3.9.0 Darwin/19.6.0 source/x86_64 command/iam.create-access-key", "requestParameters": {"userName": "AtomicRedTeam"}, "responseElements": {"accessKey": {"userName": "AtomicRedTeam", "accessKeyId": "AKIAYTOGP2RLALPMY7FT", "status": "Active", "createDate": "Feb 26, 2021 1:56:01 AM"}}, "requestID": "c40ccf6d-73af-4f86-8e79-d2e2a309f995", "eventID": "aeaf6446-4ba8-4df0-b581-b7e65bd8f2aa", "readOnly": false, "eventType": "AwsApiCall", "managementEvent": true, "eventCategory": "Management", "recipientAccountId": "121521347698"}
{"eventVersion": "1.08", "userIdentity": {"type": "IAMUser", "principalId": "AIDAYTOGP2RLEHRX5YWNV", "arn": "arn:aws:iam::121521347698:user/bhavin_cli", "accountId": "121521347698", "accessKeyId": "AKIAYTOGP2RLNWREA6ND", "userName": "bhavin_cli"}, "eventTime": "2021-02-26T01:50:47Z", "eventSource": "iam.amazonaws.com", "eventName": "CreateAccessKey", "awsRegion": "us-east-1", "sourceIPAddress": "12.25.72.12", "userAgent": "aws-cli/2.0.62 Python/3.9.0 Darwin/19.6.0 source/x86_64 command/iam.create-access-key", "requestParameters": {"userName": "AtomicRedTeam"}, "responseElements": {"accessKey": {"userName": "AtomicRedTeam", "accessKeyId": "AKIAYTOGP2RLLEKI44RM", "status": "Active", "createDate": "Feb 26, 2021 1:50:47 AM"}}, "requestID": "8afff921-8952-4c52-ac68-5aeeb9053d83", "eventID": "8167a5bb-a824-4b98-a56b-ab6b75571293", "readOnly": false, "eventType": "AwsApiCall", "managementEvent": true, "eventCategory": "Management", "recipientAccountId": "121521347698"}
{"eventVersion": "1.08", "userIdentity": {"type": "IAMUser", "principalId": "AIDAYTOGP2RLEHRX5YWNV", "arn": "arn:aws:iam::121521347698:user/bhavin_cli", "accountId": "121521347698", "accessKeyId": "AKIAYTOGP2RLNWREA6ND", "userName": "bhavin_cli"}, "eventTime": "2021-02-26T01:40:05Z", "eventSource": "iam.amazonaws.com", "eventName": "CreateAccessKey", "awsRegion": "us-east-1", "sourceIPAddress": "12.25.72.12", "userAgent": "aws-cli/2.0.62 Python/3.9.0 Darwin/19.6.0 source/x86_64 command/iam.create-access-key", "requestParameters": {"userName": "AtomicRedTeam"}, "responseElements": {"accessKey": {"userName": "AtomicRedTeam", "accessKeyId": "AKIAYTOGP2RLAHFXXVMA", "status": "Active", "createDate": "Feb 26, 2021 1:40:05 AM"}}, "requestID": "11fde72d-e9bd-4d36-97cd-03eb7f11a9b7", "eventID": "a1a0932a-8cb9-4d68-a9c2-df2bc6f46cde", "readOnly": false, "eventType": "AwsApiCall", "managementEvent": true, "eventCategory": "Management", "recipientAccountId": "121521347698"}
{"eventVersion": "1.08", "userIdentity": {"type": "IAMUser", "principalId": "AIDAYTOGP2RLEHRX5YWNV", "arn": "arn:aws:iam::121521347698:user/bhavin_cli", "accountId": "121521347698", "accessKeyId": "AKIAYTOGP2RLNWREA6ND", "userName": "bhavin_cli"}, "eventTime": "2021-02-26T01:35:52Z", "eventSource": "iam.amazonaws.com", "eventName": "CreateAccessKey", "awsRegion": "us-east-1", "sourceIPAddress": "12.25.72.12", "userAgent": "aws-cli/2.0.62 Python/3.9.0 Darwin/19.6.0 source/x86_64 command/iam.create-access-key", "requestParameters": {"userName": "AtomicRedTeam"}, "responseElements": {"accessKey": {"userName": "AtomicRedTeam", "accessKeyId": "AKIAYTOGP2RLKCEWVX7J", "status": "Active", "createDate": "Feb 26, 2021 1:35:52 AM"}}, "requestID": "ed2c27bd-af28-402a-b1bf-21bf546b3ce6", "eventID": "614cb318-fa77-4ef1-9cf7-d74384042f98", "readOnly": false, "eventType": "AwsApiCall", "managementEvent": true, "eventCategory": "Management", "recipientAccountId": "121521347698"}
{"eventVersion": "1.08", "userIdentity": {"type": "IAMUser", "principalId": "AIDAYTOGP2RLEHRX5YWNV", "arn": "arn:aws:iam::121521347698:user/bhavin_cli", "accountId": "121521347698", "accessKeyId": "AKIAYTOGP2RLNWREA6ND", "userName": "bhavin_cli"}, "eventTime": "2021-02-26T01:33:48Z", "eventSource": "iam.amazonaws.com", "eventName": "CreateAccessKey", "awsRegion": "us-east-1", "sourceIPAddress": "12.25.72.12", "userAgent": "aws-cli/2.0.62 Python/3.9.0 Darwin/19.6.0 source/x86_64 command/iam.create-access-key", "requestParameters": {"userName": "AtomicRedTeam"}, "responseElements": {"accessKey": {"userName": "AtomicRedTeam", "accessKeyId": "AKIAYTOGP2RLJH36J3ZD", "status": "Active", "createDate": "Feb 26, 2021 1:33:48 AM"}}, "requestID": "e1e7e0fe-847d-4041-ac20-7dab4602e601", "eventID": "e6791f42-43ac-4d55-b8ea-925bd1e3a50f", "readOnly": false, "eventType": "AwsApiCall", "managementEvent": true, "eventCategory": "Management", "recipientAccountId": "121521347698"}
{"eventVersion": "1.08", "userIdentity": {"type": "IAMUser", "principalId": "AIDAYTOGP2RLEHRX5YWNV", "arn": "arn:aws:iam::121521347698:user/bhavin_cli", "accountId": "121521347698", "accessKeyId": "AKIAYTOGP2RLNWREA6ND", "userName": "bhavin_cli"}, "eventTime": "2021-02-26T01:28:42Z", "eventSource": "iam.amazonaws.com", "eventName": "CreateAccessKey", "awsRegion": "us-east-1", "sourceIPAddress": "12.25.72.12", "userAgent": "aws-cli/2.0.62 Python/3.9.0 Darwin/19.6.0 source/x86_64 command/iam.create-access-key", "requestParameters": {"userName": "AtomicRedTeam"}, "responseElements": {"accessKey": {"userName": "AtomicRedTeam", "accessKeyId": "AKIAYTOGP2RLOCHEY6N6", "status": "Active", "createDate": "Feb 26, 2021 1:28:42 AM"}}, "requestID": "e5dcca4c-64ef-4f12-a16f-f973eb1fd029", "eventID": "d2c8985c-2904-4f7c-b90b-3a14746ee0d0", "readOnly": false, "eventType": "AwsApiCall", "managementEvent": true, "eventCategory": "Management", "recipientAccountId": "121521347698"}
{"eventVersion": "1.08", "userIdentity": {"type": "IAMUser", "principalId": "AIDAYTOGP2RLEHRX5YWNV", "arn": "arn:aws:iam::121521347698:user/bhavin_cli", "accountId": "121521347698", "accessKeyId": "AKIAYTOGP2RLNWREA6ND", "userName": "bhavin_cli"}, "eventTime": "2021-02-26T01:27:19Z", "eventSource": "iam.amazonaws.com", "eventName": "CreateAccessKey", "awsRegion": "us-east-1", "sourceIPAddress": "12.25.72.12", "userAgent": "aws-cli/2.0.62 Python/3.9.0 Darwin/19.6.0 source/x86_64 command/iam.create-access-key", "requestParameters": {"userName": "AtomicRedTeam"}, "responseElements": {"accessKey": {"userName": "AtomicRedTeam", "accessKeyId": "AKIAYTOGP2RLPY2CCSNX", "status": "Active", "createDate": "Feb 26, 2021 1:27:19 AM"}}, "requestID": "7ac6a2a6-d9ae-44cb-bfd1-4761f9bd6ef8", "eventID": "630d21a8-e242-46d7-beaf-8d3d520bdbd3", "readOnly": false, "eventType": "AwsApiCall", "managementEvent": true, "eventCategory": "Management", "recipientAccountId": "121521347698"}
{"eventVersion": "1.08", "userIdentity": {"type": "IAMUser", "principalId": "AIDAYTOGP2RLEHRX5YWNV", "arn": "arn:aws:iam::121521347698:user/bhavin_cli", "accountId": "121521347698", "accessKeyId": "AKIAYTOGP2RLNWREA6ND", "userName": "bhavin_cli"}, "eventTime": "2021-02-26T01:25:44Z", "eventSource": "iam.amazonaws.com", "eventName": "CreateAccessKey", "awsRegion": "us-east-1", "sourceIPAddress": "12.25.72.12", "userAgent": "aws-cli/2.0.62 Python/3.9.0 Darwin/19.6.0 source/x86_64 command/iam.create-access-key", "requestParameters": {"userName": "AtomicRedTeam"}, "responseElements": {"accessKey": {"userName": "AtomicRedTeam", "accessKeyId": "AKIAYTOGP2RLAWWMHYHJ", "status": "Active", "createDate": "Feb 26, 2021 1:25:44 AM"}}, "requestID": "cbed8d2e-813e-49f2-a2c9-a0db1c7c49ae", "eventID": "1d9cb933-d5b9-4959-a4b7-825549f81bd1", "readOnly": false, "eventType": "AwsApiCall", "managementEvent": true, "eventCategory": "Management", "recipientAccountId": "121521347698"}
{"eventVersion": "1.08", "userIdentity": {"type": "IAMUser", "principalId": "AIDAYTOGP2RLEHRX5YWNV", "arn": "arn:aws:iam::121521347698:user/bhavin_cli", "accountId": "121521347698", "accessKeyId": "AKIAYTOGP2RLNWREA6ND", "userName": "bhavin_cli"}, "eventTime": "2021-02-26T01:20:27Z", "eventSource": "iam.amazonaws.com", "eventName": "CreateAccessKey", "awsRegion": "us-east-1", "sourceIPAddress": "12.25.72.12", "userAgent": "aws-cli/2.0.62 Python/3.9.0 Darwin/19.6.0 source/x86_64 command/iam.create-access-key", "requestParameters": {"userName": "AtomicRedTeam"}, "responseElements": {"accessKey": {"userName": "AtomicRedTeam", "accessKeyId": "AKIAYTOGP2RLEQB7BMEJ", "status": "Active", "createDate": "Feb 26, 2021 1:20:27 AM"}}, "requestID": "3d1dc80e-317c-4f38-b614-161199dd6e9f", "eventID": "458286c2-e8ae-4603-b8c2-5ba699139931", "readOnly": false, "eventType": "AwsApiCall", "managementEvent": true, "eventCategory": "Management", "recipientAccountId": "121521347698"}
{"eventVersion": "1.08", "userIdentity": {"type": "IAMUser", "principalId": "AIDAYTOGP2RLEHRX5YWNV", "arn": "arn:aws:iam::121521347698:user/bhavin_cli", "accountId": "121521347698", "accessKeyId": "AKIAYTOGP2RLNWREA6ND", "userName": "bhavin_cli"}, "eventTime": "2021-02-26T01:17:20Z", "eventSource": "iam.amazonaws.com", "eventName": "CreateAccessKey", "awsRegion": "us-east-1", "sourceIPAddress": "12.25.72.12", "userAgent": "aws-cli/2.0.62 Python/3.9.0 Darwin/19.6.0 source/x86_64 command/iam.create-access-key", "requestParameters": {"userName": "AtomicRedTeam"}, "responseElements": {"accessKey": {"userName": "AtomicRedTeam", "accessKeyId": "AKIAYTOGP2RLF2W5VHPR", "status": "Active", "createDate": "Feb 26, 2021 1:17:20 AM"}}, "requestID": "48bf2f6e-7a3f-4e39-8ec5-80f3ea0db120", "eventID": "23bdbb65-f9f8-4502-b79e-885ab858a778", "readOnly": false, "eventType": "AwsApiCall", "managementEvent": true, "eventCategory": "Management", "recipientAccountId": "121521347698"}
{"eventVersion": "1.08", "userIdentity": {"type": "IAMUser", "principalId": "AIDAYTOGP2RLEHRX5YWNV", "arn": "arn:aws:iam::121521347698:user/bhavin_cli", "accountId": "121521347698", "accessKeyId": "AKIAYTOGP2RLNWREA6ND", "userName": "bhavin_cli"}, "eventTime": "2021-02-26T01:13:51Z", "eventSource": "iam.amazonaws.com", "eventName": "CreateAccessKey", "awsRegion": "us-east-1", "sourceIPAddress": "12.25.72.12", "userAgent": "aws-cli/2.0.62 Python/3.9.0 Darwin/19.6.0 source/x86_64 command/iam.create-access-key", "requestParameters": {"userName": "AtomicRedTeam"}, "responseElements": {"accessKey": {"userName": "AtomicRedTeam", "accessKeyId": "AKIAYTOGP2RLIVK6LDG4", "status": "Active", "createDate": "Feb 26, 2021 1:13:51 AM"}}, "requestID": "522d2277-e779-4b17-bcd3-70b3f8de3e60", "eventID": "c896d1d9-5d97-48fa-ba39-80021cace3a1", "readOnly": false, "eventType": "AwsApiCall", "managementEvent": true, "eventCategory": "Management", "recipientAccountId": "121521347698"}
{"eventVersion": "1.08", "userIdentity": {"type": "IAMUser", "principalId": "AIDAYTOGP2RLEHRX5YWNV", "arn": "arn:aws:iam::121521347698:user/bhavin_cli", "accountId": "121521347698", "accessKeyId": "AKIAYTOGP2RLNWREA6ND", "userName": "bhavin_cli"}, "eventTime": "2021-02-26T01:08:10Z", "eventSource": "iam.amazonaws.com", "eventName": "CreateAccessKey", "awsRegion": "us-east-1", "sourceIPAddress": "12.25.72.12", "userAgent": "aws-cli/2.0.62 Python/3.9.0 Darwin/19.6.0 source/x86_64 command/iam.create-access-key", "requestParameters": {"userName": "AtomicRedTeam"}, "responseElements": {"accessKey": {"userName": "AtomicRedTeam", "accessKeyId": "AKIAYTOGP2RLJEDGUMEK", "status": "Active", "createDate": "Feb 26, 2021 1:08:10 AM"}}, "requestID": "903525de-d7c9-46cf-898d-6e85a0b2cfeb", "eventID": "745efaa5-65c5-4417-8bc7-ce4dfa677b7b", "readOnly": false, "eventType": "AwsApiCall", "managementEvent": true, "eventCategory": "Management", "recipientAccountId": "121521347698"}
{"eventVersion": "1.08", "userIdentity": {"type": "IAMUser", "principalId": "AIDAYTOGP2RLEHRX5YWNV", "arn": "arn:aws:iam::121521347698:user/bhavin_cli", "accountId": "121521347698", "accessKeyId": "AKIAYTOGP2RLNWREA6ND", "userName": "bhavin_cli"}, "eventTime": "2021-02-26T01:06:41Z", "eventSource": "iam.amazonaws.com", "eventName": "CreateAccessKey", "awsRegion": "us-east-1", "sourceIPAddress": "12.25.72.12", "userAgent": "aws-cli/2.0.62 Python/3.9.0 Darwin/19.6.0 source/x86_64 command/iam.create-access-key", "requestParameters": {"userName": "AtomicRedTeam"}, "responseElements": {"accessKey": {"userName": "AtomicRedTeam", "accessKeyId": "AKIAYTOGP2RLNPC5PRCK", "status": "Active", "createDate": "Feb 26, 2021 1:06:41 AM"}}, "requestID": "86867745-8a4e-41bf-a4e6-95fc7e3050b1", "eventID": "30ca92b1-7b16-4084-af6c-656f5c0f0f70", "readOnly": false, "eventType": "AwsApiCall", "managementEvent": true, "eventCategory": "Management", "recipientAccountId": "121521347698"}
{"eventVersion": "1.08", "userIdentity": {"type": "IAMUser", "principalId": "AIDAYTOGP2RLEHRX5YWNV", "arn": "arn:aws:iam::121521347698:user/bhavin_cli", "accountId": "121521347698", "accessKeyId": "AKIAYTOGP2RLNWREA6ND", "userName": "bhavin_cli"}, "eventTime": "2021-02-26T01:03:01Z", "eventSource": "iam.amazonaws.com", "eventName": "CreateAccessKey", "awsRegion": "us-east-1", "sourceIPAddress": "12.25.72.12", "userAgent": "aws-cli/2.0.62 Python/3.9.0 Darwin/19.6.0 source/x86_64 command/iam.create-access-key", "requestParameters": {"userName": "AtomicRedTeam"}, "responseElements": {"accessKey": {"userName": "AtomicRedTeam", "accessKeyId": "AKIAYTOGP2RLDC5SH6VY", "status": "Active", "createDate": "Feb 26, 2021 1:03:01 AM"}}, "requestID": "4c1829ad-426f-4a29-ad2e-4db3baa2622c", "eventID": "9356bad4-7cce-41a4-98cb-0570f1935597", "readOnly": false, "eventType": "AwsApiCall", "managementEvent": true, "eventCategory": "Management", "recipientAccountId": "121521347698"}
{"eventVersion": "1.08", "userIdentity": {"type": "IAMUser", "principalId": "AIDAYTOGP2RLEHRX5YWNV", "arn": "arn:aws:iam::121521347698:user/bhavin_cli", "accountId": "121521347698", "accessKeyId": "AKIAYTOGP2RLNWREA6ND", "userName": "bhavin_cli"}, "eventTime": "2021-02-26T00:59:56Z", "eventSource": "iam.amazonaws.com", "eventName": "CreateAccessKey", "awsRegion": "us-east-1", "sourceIPAddress": "12.25.72.12", "userAgent": "aws-cli/2.0.62 Python/3.9.0 Darwin/19.6.0 source/x86_64 command/iam.create-access-key", "requestParameters": {"userName": "AtomicRedTeam"}, "responseElements": {"accessKey": {"userName": "AtomicRedTeam", "accessKeyId": "AKIAYTOGP2RLBBCIMNFB", "status": "Active", "createDate": "Feb 26, 2021 12:59:56 AM"}}, "requestID": "f091fc85-c50e-40eb-9b7e-b6261f0487a3", "eventID": "768ae31b-64cd-488b-9a19-14dfcdbe62df", "readOnly": false, "eventType": "AwsApiCall", "managementEvent": true, "eventCategory": "Management", "recipientAccountId": "121521347698"}
{"eventVersion": "1.08", "userIdentity": {"type": "IAMUser", "principalId": "AIDAYTOGP2RLEHRX5YWNV", "arn": "arn:aws:iam::121521347698:user/bhavin_cli", "accountId": "121521347698", "accessKeyId": "AKIAYTOGP2RLNWREA6ND", "userName": "bhavin_cli"}, "eventTime": "2021-02-25T22:40:34Z", "eventSource": "iam.amazonaws.com", "eventName": "CreateAccessKey", "awsRegion": "us-east-1", "sourceIPAddress": "12.25.72.12", "userAgent": "aws-cli/2.0.62 Python/3.9.0 Darwin/19.6.0 source/x86_64 command/iam.create-access-key", "requestParameters": {"userName": "AtomicRedTeam"}, "responseElements": {"accessKey": {"userName": "AtomicRedTeam", "accessKeyId": "AKIAYTOGP2RLBM2NLOQK", "status": "Active", "createDate": "Feb 25, 2021 10:40:34 PM"}}, "requestID": "de9e5d8a-167c-4c34-a1b8-c086c61ba69f", "eventID": "7349eec1-4113-45c4-a72f-d43c84d8474f", "readOnly": false, "eventType": "AwsApiCall", "managementEvent": true, "eventCategory": "Management", "recipientAccountId": "121521347698"}
{"eventVersion": "1.08", "userIdentity": {"type": "IAMUser", "principalId": "AIDAYTOGP2RLEHRX5YWNV", "arn": "arn:aws:iam::121521347698:user/bhavin_cli", "accountId": "121521347698", "accessKeyId": "AKIAYTOGP2RLNWREA6ND", "userName": "bhavin_cli"}, "eventTime": "2021-02-25T22:35:33Z", "eventSource": "iam.amazonaws.com", "eventName": "CreateAccessKey", "awsRegion": "us-east-1", "sourceIPAddress": "12.25.72.12", "userAgent": "aws-cli/2.0.62 Python/3.9.0 Darwin/19.6.0 source/x86_64 command/iam.create-access-key", "requestParameters": {"userName": "AtomicRedTeam"}, "responseElements": {"accessKey": {"userName": "AtomicRedTeam", "accessKeyId": "AKIAYTOGP2RLCQO7KUK3", "status": "Active", "createDate": "Feb 25, 2021 10:35:33 PM"}}, "requestID": "69c989c2-0ca8-435d-aa51-a417beae9368", "eventID": "ae8ffab6-6dd9-4aa4-8d42-b4661c536d16", "readOnly": false, "eventType": "AwsApiCall", "managementEvent": true, "eventCategory": "Management", "recipientAccountId": "121521347698"}
{"eventVersion": "1.08", "userIdentity": {"type": "IAMUser", "principalId": "AIDAYTOGP2RLNMCDVJZAY", "arn": "arn:aws:iam::121521347698:user/rhino_escalate", "accountId": "121521347698", "accessKeyId": "AKIAYTOGP2RLHSQZPZFZ", "userName": "rhino_escalate"}, "eventTime": "2021-02-22T23:28:24Z", "eventSource": "iam.amazonaws.com", "eventName": "CreateAccessKey", "awsRegion": "us-east-1", "sourceIPAddress": "12.25.72.12", "userAgent": "aws-cli/2.0.62 Python/3.9.0 Darwin/19.6.0 source/x86_64 command/iam.create-access-key", "errorCode": "NoSuchEntityException", "errorMessage": "The user with name root cannot be found.", "requestParameters": {"userName": "root"}, "responseElements": null, "requestID": "7aff065a-3a60-49df-8562-2fa613e7138f", "eventID": "4874e602-127f-49f8-9ac6-2873aef6967e", "readOnly": false, "eventType": "AwsApiCall", "managementEvent": true, "eventCategory": "Management", "recipientAccountId": "121521347698"}
{"eventVersion": "1.08", "userIdentity": {"type": "IAMUser", "principalId": "AIDAYTOGP2RLNMCDVJZAY", "arn": "arn:aws:iam::121521347698:user/rhino_escalate", "accountId": "121521347698", "accessKeyId": "AKIAYTOGP2RLHSQZPZFZ", "userName": "rhino_escalate"}, "eventTime": "2021-02-19T21:11:34Z", "eventSource": "iam.amazonaws.com", "eventName": "CreateAccessKey", "awsRegion": "us-east-1", "sourceIPAddress": "12.25.72.12", "userAgent": "aws-cli/2.0.62 Python/3.9.0 Darwin/19.6.0 source/x86_64 command/iam.create-access-key", "errorCode": "AccessDenied", "errorMessage": "User: arn:aws:iam::121521347698:user/rhino_escalate is not authorized to perform: iam:CreateAccessKey on resource: user rhino_escalate", "requestParameters": null, "responseElements": null, "requestID": "b6a05de4-b2e0-4342-9082-b9dc6e3d52fc", "eventID": "a8041ebb-829e-450c-9a39-b633b449f86b", "readOnly": false, "eventType": "AwsApiCall", "managementEvent": true, "eventCategory": "Management", "recipientAccountId": "121521347698"}
{"eventVersion": "1.08", "userIdentity": {"type": "IAMUser", "principalId": "AIDAYTOGP2RLEB7G2MWTC", "arn": "arn:aws:iam::121521347698:user/ignacio_cli", "accountId": "121521347698", "accessKeyId": "ASIAYTOGP2RLFJGZV6M6", "userName": "ignacio_cli", "sessionContext": {"sessionIssuer": {}, "webIdFederationData": {}, "attributes": {"mfaAuthenticated": "false", "creationDate": "2021-02-19T03:14:29Z"}}}, "eventTime": "2021-02-19T04:10:37Z", "eventSource": "iam.amazonaws.com", "eventName": "CreateAccessKey", "awsRegion": "us-east-1", "sourceIPAddress": "135.180.192.99", "userAgent": "console.amazonaws.com", "requestParameters": {"userName": "icorrales-smle"}, "responseElements": {"accessKey": {"userName": "icorrales-smle", "accessKeyId": "AKIAYTOGP2RLJDUS5RKS", "status": "Active", "createDate": "Feb 19, 2021 4:10:37 AM"}}, "requestID": "671c8e03-1af6-4564-b57e-063b2331d4f3", "eventID": "6ac1371c-7ab1-43ed-a393-7de4b3b55d83", "readOnly": false, "eventType": "AwsApiCall", "managementEvent": true, "eventCategory": "Management", "recipientAccountId": "121521347698"}
{"eventVersion": "1.08", "userIdentity": {"type": "IAMUser", "principalId": "AIDAYTOGP2RLNMCDVJZAY", "arn": "arn:aws:iam::121521347698:user/rhino_escalate", "accountId": "121521347698", "accessKeyId": "AKIAYTOGP2RLHSQZPZFZ", "userName": "rhino_escalate"}, "eventTime": "2021-02-19T00:42:55Z", "eventSource": "iam.amazonaws.com", "eventName": "CreateAccessKey", "awsRegion": "us-east-1", "sourceIPAddress": "12.25.72.12", "userAgent": "aws-cli/2.0.62 Python/3.9.0 Darwin/19.6.0 source/x86_64 command/iam.create-access-key", "errorCode": "AccessDenied", "errorMessage": "User: arn:aws:iam::121521347698:user/rhino_escalate is not authorized to perform: iam:CreateAccessKey on resource: user rhino_escalate", "requestParameters": null, "responseElements": null, "requestID": "fd0255c4-57e9-469d-8264-35f0f2801f7e", "eventID": "0ac416ab-46fa-4045-8b4a-ea5526bde98d", "readOnly": false, "eventType": "AwsApiCall", "managementEvent": true, "eventCategory": "Management", "recipientAccountId": "121521347698"}
{"eventVersion": "1.08", "userIdentity": {"type": "IAMUser", "principalId": "AIDAYTOGP2RLNMCDVJZAY", "arn": "arn:aws:iam::121521347698:user/rhino_escalate", "accountId": "121521347698", "accessKeyId": "AKIAYTOGP2RLHSQZPZFZ", "userName": "rhino_escalate"}, "eventTime": "2021-02-19T00:39:51Z", "eventSource": "iam.amazonaws.com", "eventName": "CreateAccessKey", "awsRegion": "us-east-1", "sourceIPAddress": "12.25.72.12", "userAgent": "aws-cli/2.0.62 Python/3.9.0 Darwin/19.6.0 source/x86_64 command/iam.create-access-key", "errorCode": "AccessDenied", "errorMessage": "User: arn:aws:iam::121521347698:user/rhino_escalate is not authorized to perform: iam:CreateAccessKey on resource: user nullrhino_escalate", "requestParameters": null, "responseElements": null, "requestID": "5a11714a-48dd-4327-9673-b881346337c3", "eventID": "2ba37e40-5389-47bd-9a84-3b3955654437", "readOnly": false, "eventType": "AwsApiCall", "managementEvent": true, "eventCategory": "Management", "recipientAccountId": "121521347698"}
{"eventVersion": "1.08", "userIdentity": {"type": "IAMUser", "principalId": "AIDAYTOGP2RLEHRX5YWNV", "arn": "arn:aws:iam::121521347698:user/bhavin_cli", "accountId": "121521347698", "accessKeyId": "AKIAYTOGP2RLCQBOQ4HT", "userName": "bhavin_cli"}, "eventTime": "2021-02-19T00:35:29Z", "eventSource": "iam.amazonaws.com", "eventName": "CreateAccessKey", "awsRegion": "us-east-1", "sourceIPAddress": "12.25.72.12", "userAgent": "aws-cli/2.0.62 Python/3.9.0 Darwin/19.6.0 source/x86_64 command/iam.create-access-key", "requestParameters": null, "responseElements": {"accessKey": {"userName": "bhavin_cli", "accessKeyId": "AKIAYTOGP2RLNWREA6ND", "status": "Active", "createDate": "Feb 19, 2021 12:35:29 AM"}}, "requestID": "271b7160-e7f5-4fba-9d61-184ff65c3641", "eventID": "6eda5e5e-4bc8-4201-af5a-3310c7940282", "readOnly": false, "eventType": "AwsApiCall", "managementEvent": true, "eventCategory": "Management", "recipientAccountId": "121521347698"}
{"eventVersion": "1.08", "userIdentity": {"type": "AssumedRole", "principalId": "AROAIJIESMXKGCJRCTPR6:bpatel@contoso.local", "arn": "arn:aws:sts::121521347698:assumed-role/okta_adm_role/bpatel@contoso.local", "accountId": "121521347698", "accessKeyId": "ASIAYTOGP2RLKCCDSFNS", "sessionContext": {"sessionIssuer": {"type": "Role", "principalId": "AROAIJIESMXKGCJRCTPR6", "arn": "arn:aws:iam::121521347698:role/okta_adm_role", "accountId": "121521347698", "userName": "okta_adm_role"}, "webIdFederationData": {}, "attributes": {"mfaAuthenticated": "false", "creationDate": "2021-02-19T00:10:02Z"}}}, "eventTime": "2021-02-19T00:16:24Z", "eventSource": "iam.amazonaws.com", "eventName": "CreateAccessKey", "awsRegion": "us-east-1", "sourceIPAddress": "12.25.72.12", "userAgent": "console.amazonaws.com", "requestParameters": {"userName": "rhino_escalate"}, "responseElements": {"accessKey": {"userName": "rhino_escalate", "accessKeyId": "AKIAYTOGP2RLHSQZPZFZ", "status": "Active", "createDate": "Feb 19, 2021 12:16:24 AM"}}, "requestID": "7cc8cfd2-ff96-49fa-b8a7-483d30af5fc7", "eventID": "c1edaacb-c2f3-4359-95d8-fc185e05f6c1", "readOnly": false, "eventType": "AwsApiCall", "managementEvent": true, "eventCategory": "Management", "recipientAccountId": "121521347698"}
{"eventVersion": "1.08", "userIdentity": {"type": "AssumedRole", "principalId": "AROAIJIESMXKGCJRCTPR6:mhart@contoso.local", "arn": "arn:aws:sts::121521347698:assumed-role/okta_adm_role/mhart@contoso.local", "accountId": "121521347698", "accessKeyId": "ASIAYTOGP2RLAY4E7IG2", "sessionContext": {"sessionIssuer": {"type": "Role", "principalId": "AROAIJIESMXKGCJRCTPR6", "arn": "arn:aws:iam::121521347698:role/okta_adm_role", "accountId": "121521347698", "userName": "okta_adm_role"}, "webIdFederationData": {}, "attributes": {"mfaAuthenticated": "false", "creationDate": "2021-01-20T19:46:45Z"}}}, "eventTime": "2021-01-20T20:09:16Z", "eventSource": "iam.amazonaws.com", "eventName": "CreateAccessKey", "awsRegion": "us-east-1", "sourceIPAddress": "24.34.89.42", "userAgent": "console.amazonaws.com", "requestParameters": {"userName": "mhart_smle"}, "responseElements": {"accessKey": {"userName": "mhart_smle", "accessKeyId": "AKIAYTOGP2RLJ6V7QAOD", "status": "Active", "createDate": "Jan 20, 2021 8:09:16 PM"}}, "requestID": "7d618d33-5f58-4ca3-8b8b-884afaa0af4b", "eventID": "66065e42-fc80-4670-bd2f-19dcff6cbe42", "readOnly": false, "eventType": "AwsApiCall", "managementEvent": true, "eventCategory": "Management", "recipientAccountId": "121521347698"}
{"eventVersion": "1.08", "userIdentity": {"type": "AssumedRole", "principalId": "AROAIJIESMXKGCJRCTPR6:mhart@contoso.local", "arn": "arn:aws:sts::121521347698:assumed-role/okta_adm_role/mhart@contoso.local", "accountId": "121521347698", "accessKeyId": "ASIAYTOGP2RLLVCRTHVR", "sessionContext": {"sessionIssuer": {"type": "Role", "principalId": "AROAIJIESMXKGCJRCTPR6", "arn": "arn:aws:iam::121521347698:role/okta_adm_role", "accountId": "121521347698", "userName": "okta_adm_role"}, "webIdFederationData": {}, "attributes": {"mfaAuthenticated": "false", "creationDate": "2021-01-20T12:58:32Z"}}}, "eventTime": "2021-01-20T13:00:28Z", "eventSource": "iam.amazonaws.com", "eventName": "CreateAccessKey", "awsRegion": "us-east-1", "sourceIPAddress": "24.34.89.42", "userAgent": "console.amazonaws.com", "requestParameters": {"userName": "mhart_cli"}, "responseElements": {"accessKey": {"userName": "mhart_cli", "accessKeyId": "AKIAYTOGP2RLPOLEFTPP", "status": "Active", "createDate": "Jan 20, 2021 1:00:28 PM"}}, "requestID": "4c01e274-bb36-4c41-97c8-fd13a2bc3b62", "eventID": "a1785367-e144-4270-8a82-fd614c7f8bff", "readOnly": false, "eventType": "AwsApiCall", "managementEvent": true, "eventCategory": "Management", "recipientAccountId": "121521347698"}
{"eventVersion": "1.08", "userIdentity": {"type": "AssumedRole", "principalId": "AROAIJIESMXKGCJRCTPR6:rsoto@contoso.local", "arn": "arn:aws:sts::121521347698:assumed-role/okta_adm_role/rsoto@contoso.local", "accountId": "121521347698", "accessKeyId": "ASIAYTOGP2RLKNRYTU32", "sessionContext": {"sessionIssuer": {"type": "Role", "principalId": "AROAIJIESMXKGCJRCTPR6", "arn": "arn:aws:iam::121521347698:role/okta_adm_role", "accountId": "121521347698", "userName": "okta_adm_role"}, "webIdFederationData": {}, "attributes": {"mfaAuthenticated": "false", "creationDate": "2021-01-19T19:46:39Z"}}}, "eventTime": "2021-01-19T21:13:43Z", "eventSource": "iam.amazonaws.com", "eventName": "CreateAccessKey", "awsRegion": "us-east-1", "sourceIPAddress": "66.176.252.11", "userAgent": "console.amazonaws.com", "requestParameters": {"userName": "test_saml"}, "responseElements": {"accessKey": {"userName": "test_saml", "accessKeyId": "AKIAYTOGP2RLKYX5GZBZ", "status": "Active", "createDate": "Jan 19, 2021 9:13:43 PM"}}, "requestID": "d827d006-367d-4e8c-9cb0-dae8ec640eb0", "eventID": "e647ab02-9993-4755-9148-9fa38a3920ad", "readOnly": false, "eventType": "AwsApiCall", "managementEvent": true, "eventCategory": "Management", "recipientAccountId": "121521347698"}
{"eventVersion": "1.08", "userIdentity": {"type": "AssumedRole", "principalId": "AROAIJIESMXKGCJRCTPR6:rsoto@contoso.local", "arn": "arn:aws:sts::121521347698:assumed-role/okta_adm_role/rsoto@contoso.local", "accountId": "121521347698", "accessKeyId": "ASIAYTOGP2RLEDCLRMX5", "sessionContext": {"sessionIssuer": {"type": "Role", "principalId": "AROAIJIESMXKGCJRCTPR6", "arn": "arn:aws:iam::121521347698:role/okta_adm_role", "accountId": "121521347698", "userName": "okta_adm_role"}, "webIdFederationData": {}, "attributes": {"mfaAuthenticated": "false", "creationDate": "2021-01-17T20:44:17Z"}}}, "eventTime": "2021-01-17T20:45:05Z", "eventSource": "iam.amazonaws.com", "eventName": "CreateAccessKey", "awsRegion": "us-east-1", "sourceIPAddress": "66.176.252.11", "userAgent": "console.amazonaws.com", "requestParameters": {"userName": "test_saml"}, "responseElements": {"accessKey": {"userName": "test_saml", "accessKeyId": "AKIAYTOGP2RLGJK45SZW", "status": "Active", "createDate": "Jan 17, 2021 8:45:05 PM"}}, "requestID": "2c69415a-c0c8-47b5-9b79-28fec98d8172", "eventID": "a87c9e2e-9dfb-46ae-a3b7-549d5c34f1b5", "readOnly": false, "eventType": "AwsApiCall", "managementEvent": true, "eventCategory": "Management", "recipientAccountId": "121521347698"}
{"eventVersion": "1.08", "userIdentity": {"type": "AssumedRole", "principalId": "AROAIJIESMXKGCJRCTPR6:pbareiss@contoso.local", "arn": "arn:aws:sts::121521347698:assumed-role/okta_adm_role/pbareiss@contoso.local", "accountId": "121521347698", "accessKeyId": "ASIAYTOGP2RLK74OPBDR", "sessionContext": {"sessionIssuer": {"type": "Role", "principalId": "AROAIJIESMXKGCJRCTPR6", "arn": "arn:aws:iam::121521347698:role/okta_adm_role", "accountId": "121521347698", "userName": "okta_adm_role"}, "webIdFederationData": {}, "attributes": {"mfaAuthenticated": "false", "creationDate": "2021-01-11T09:03:18Z"}}}, "eventTime": "2021-01-11T09:56:31Z", "eventSource": "kms.amazonaws.com", "eventName": "CreateKey", "awsRegion": "us-west-2", "sourceIPAddress": "95.90.199.65", "userAgent": "aws-internal/3 aws-sdk-java/1.11.893 Linux/4.9.230-0.1.ac.223.84.332.metal1.x86_64 OpenJDK_64-Bit_Server_VM/25.272-b10 java/1.8.0_272 vendor/Oracle_Corporation", "requestParameters": {"origin": "AWS_KMS", "policy": "{\n    \"Id\": \"key-consolepolicy-3\",\n    \"Version\": \"2012-10-17\",\n    \"Statement\": [\n        {\n            \"Sid\": \"Enable IAM User Permissions\",\n            \"Effect\": \"Allow\",\n            \"Principal\": {\n                \"AWS\": \"arn:aws:iam::121521347698:root\"\n            },\n            \"Action\": \"kms:*\",\n            \"Resource\": \"*\"\n        },\n        {\n            \"Sid\": \"Allow access for Key Administrators\",\n            \"Effect\": \"Allow\",\n            \"Principal\": {\n                \"AWS\": \"arn:aws:iam::121521347698:user/patrick_cli\"\n            },\n            \"Action\": [\n                \"kms:Create*\",\n                \"kms:Describe*\",\n                \"kms:Enable*\",\n                \"kms:List*\",\n                \"kms:Put*\",\n                \"kms:Update*\",\n                \"kms:Revoke*\",\n                \"kms:Disable*\",\n                \"kms:Get*\",\n                \"kms:Delete*\",\n                \"kms:TagResource\",\n                \"kms:UntagResource\",\n                \"kms:ScheduleKeyDeletion\",\n                \"kms:CancelKeyDeletion\"\n            ],\n            \"Resource\": \"*\"\n        },\n        {\n            \"Sid\": \"Allow use of the key\",\n            \"Effect\": \"Allow\",\n            \"Principal\": {\n                \"AWS\": \"arn:aws:iam::121521347698:user/patrick_cli\"\n            },\n            \"Action\": [\n                \"kms:Encrypt\",\n                \"kms:Decrypt\",\n                \"kms:ReEncrypt*\",\n                \"kms:GenerateDataKey*\",\n                \"kms:DescribeKey\"\n            ],\n            \"Resource\": \"*\"\n        },\n        {\n            \"Sid\": \"Allow attachment of persistent resources\",\n            \"Effect\": \"Allow\",\n            \"Principal\": {\n                \"AWS\": \"arn:aws:iam::121521347698:user/patrick_cli\"\n            },\n            \"Action\": [\n                \"kms:CreateGrant\",\n                \"kms:ListGrants\",\n                \"kms:RevokeGrant\"\n            ],\n            \"Resource\": \"*\",\n            \"Condition\": {\n                \"Bool\": {\n                    \"kms:GrantIsForAWSResource\": \"true\"\n                }\n            }\n        },\n        {\n            \"Sid\": \"Allow use of the key\",\n            \"Effect\": \"Allow\",\n            \"Principal\": {\n                \"AWS\": \"*\"\n            },\n            \"Action\": [\n                \"kms:Encrypt\"\n            ],\n            \"Resource\": \"*\"\n        }\n    ]\n}", "description": "", "customerMasterKeySpec": "SYMMETRIC_DEFAULT", "bypassPolicyLockoutSafetyCheck": false, "tags": [], "keyUsage": "ENCRYPT_DECRYPT"}, "responseElements": {"keyMetadata": {"aWSAccountId": "121521347698", "keyId": "f2a82583-a7d3-4c92-8787-fe2baab1cee1", "arn": "arn:aws:kms:us-west-2:121521347698:key/f2a82583-a7d3-4c92-8787-fe2baab1cee1", "creationDate": "Jan 11, 2021, 9:56:30 AM", "enabled": true, "description": "", "keyUsage": "ENCRYPT_DECRYPT", "keyState": "Enabled", "origin": "AWS_KMS", "keyManager": "CUSTOMER", "customerMasterKeySpec": "SYMMETRIC_DEFAULT", "encryptionAlgorithms": ["SYMMETRIC_DEFAULT"]}}, "requestID": "3356af25-a237-471f-ba5e-abb37d4a256f", "eventID": "f09518ac-5ae5-4214-80ee-4f23ccdedd4c", "readOnly": false, "resources": [{"accountId": "121521347698", "type": "AWS::KMS::Key", "ARN": "arn:aws:kms:us-west-2:121521347698:key/f2a82583-a7d3-4c92-8787-fe2baab1cee1"}], "eventType": "AwsApiCall", "managementEvent": true, "eventCategory": "Management", "recipientAccountId": "121521347698"}
{"eventVersion": "1.08", "userIdentity": {"type": "AssumedRole", "principalId": "AROAIJIESMXKGCJRCTPR6:rsoto@contoso.local", "arn": "arn:aws:sts::121521347698:assumed-role/okta_adm_role/rsoto@contoso.local", "accountId": "121521347698", "accessKeyId": "ASIAYTOGP2RLIBHKL7SX", "sessionContext": {"sessionIssuer": {"type": "Role", "principalId": "AROAIJIESMXKGCJRCTPR6", "arn": "arn:aws:iam::121521347698:role/okta_adm_role", "accountId": "121521347698", "userName": "okta_adm_role"}, "webIdFederationData": {}, "attributes": {"mfaAuthenticated": "false", "creationDate": "2021-01-06T23:35:22Z"}}}, "eventTime": "2021-01-06T23:36:32Z", "eventSource": "iam.amazonaws.com", "eventName": "CreateAccessKey", "awsRegion": "us-east-1", "sourceIPAddress": "73.85.202.233", "userAgent": "console.amazonaws.com", "requestParameters": {"userName": "test_saml"}, "responseElements": {"accessKey": {"userName": "test_saml", "accessKeyId": "AKIAYTOGP2RLPPONV2M5", "status": "Active", "createDate": "Jan 6, 2021 11:36:32 PM"}}, "requestID": "9e7410ee-57cb-4a90-8fa0-239adb2e7867", "eventID": "0ae6b3cd-8b9d-418f-b7bd-164ce4312525", "readOnly": false, "eventType": "AwsApiCall", "managementEvent": true, "eventCategory": "Management", "recipientAccountId": "121521347698"}
{"eventVersion": "1.08", "userIdentity": {"type": "AssumedRole", "principalId": "AROAIJIESMXKGCJRCTPR6:mhaag@contoso.local", "arn": "arn:aws:sts::121521347698:assumed-role/okta_adm_role/mhaag@contoso.local", "accountId": "121521347698", "accessKeyId": "ASIAYTOGP2RLLLJ2QW7M", "sessionContext": {"sessionIssuer": {"type": "Role", "principalId": "AROAIJIESMXKGCJRCTPR6", "arn": "arn:aws:iam::121521347698:role/okta_adm_role", "accountId": "121521347698", "userName": "okta_adm_role"}, "webIdFederationData": {}, "attributes": {"mfaAuthenticated": "false", "creationDate": "2020-12-17T14:58:40Z"}}}, "eventTime": "2020-12-17T15:26:39Z", "eventSource": "iam.amazonaws.com", "eventName": "CreateAccessKey", "awsRegion": "us-east-1", "sourceIPAddress": "174.27.200.13", "userAgent": "console.amazonaws.com", "requestParameters": {"userName": "mhaag_cli"}, "responseElements": {"accessKey": {"userName": "mhaag_cli", "accessKeyId": "AKIAYTOGP2RLLUMGKTNV", "status": "Active", "createDate": "Dec 17, 2020 3:26:39 PM"}}, "requestID": "a5287629-dd0f-4ded-8ceb-0fba55edc12d", "eventID": "ea55da4f-2cf2-473d-9524-7668f51eeb21", "readOnly": false, "eventType": "AwsApiCall", "managementEvent": true, "eventCategory": "Management", "recipientAccountId": "121521347698"}
{"eventVersion": "1.05", "userIdentity": {"type": "AssumedRole", "principalId": "AROAIJIESMXKGCJRCTPR6:bpatel@contoso.local", "arn": "arn:aws:sts::121521347698:assumed-role/okta_adm_role/bpatel@contoso.local", "accountId": "121521347698", "accessKeyId": "ASIAYTOGP2RLESXNXRGP", "sessionContext": {"sessionIssuer": {"type": "Role", "principalId": "AROAIJIESMXKGCJRCTPR6", "arn": "arn:aws:iam::121521347698:role/okta_adm_role", "accountId": "121521347698", "userName": "okta_adm_role"}, "webIdFederationData": {}, "attributes": {"mfaAuthenticated": "false", "creationDate": "2020-11-05T20:57:05Z"}}}, "eventTime": "2020-11-05T22:53:15Z", "eventSource": "kms.amazonaws.com", "eventName": "CreateKey", "awsRegion": "us-west-2", "sourceIPAddress": "98.182.197.20", "userAgent": "aws-internal/3 aws-sdk-java/1.11.864 Linux/4.9.217-0.3.ac.206.84.332.metal1.x86_64 OpenJDK_64-Bit_Server_VM/25.262-b10 java/1.8.0_262 vendor/Oracle_Corporation", "requestParameters": {"description": "", "origin": "AWS_KMS", "tags": [], "customerMasterKeySpec": "SYMMETRIC_DEFAULT", "keyUsage": "ENCRYPT_DECRYPT", "bypassPolicyLockoutSafetyCheck": false, "policy": "{\n    \"Id\": \"key-consolepolicy-3\",\n    \"Version\": \"2012-10-17\",\n    \"Statement\": [\n        {\n            \"Sid\": \"Enable IAM User Permissions\",\n            \"Effect\": \"Allow\",\n            \"Principal\": {\n                \"AWS\": \"arn:aws:iam::121521347698:root\"\n            },\n            \"Action\": \"kms:*\",\n            \"Resource\": \"*\"\n        },\n        {\n            \"Sid\": \"Allow access for Key Administrators\",\n            \"Effect\": \"Allow\",\n            \"Principal\": {\n                \"AWS\": \"arn:aws:iam::121521347698:user/bhavin_cli\"\n            },\n            \"Action\": [\n                \"kms:Create*\",\n                \"kms:Describe*\",\n                \"kms:Enable*\",\n                \"kms:List*\",\n                \"kms:Put*\",\n                \"kms:Update*\",\n                \"kms:Revoke*\",\n                \"kms:Disable*\",\n                \"kms:Get*\",\n                \"kms:Delete*\",\n                \"kms:TagResource\",\n                \"kms:UntagResource\",\n                \"kms:ScheduleKeyDeletion\",\n                \"kms:CancelKeyDeletion\"\n            ],\n            \"Resource\": \"*\"\n        },\n        {\n            \"Sid\": \"Allow use of the key\",\n            \"Effect\": \"Allow\",\n            \"Principal\": {\n                \"AWS\": \"arn:aws:iam::121521347698:user/bhavin_cli\"\n            },\n            \"Action\": [\n                \"kms:Encrypt\",\n                \"kms:ReEncrypt*\",\n                \"kms:GenerateDataKey*\",\n                \"kms:DescribeKey\"\n            ],\n            \"Resource\": \"*\"\n        },\n        {\n            \"Sid\": \"Allow attachment of persistent resources\",\n            \"Effect\": \"Allow\",\n            \"Principal\": {\n                \"AWS\": \"arn:aws:iam::121521347698:user/bhavin_cli\"\n            },\n            \"Action\": [\n                \"kms:CreateGrant\",\n                \"kms:ListGrants\",\n                \"kms:RevokeGrant\"\n            ],\n            \"Resource\": \"*\",\n            \"Condition\": {\n                \"Bool\": {\n                    \"kms:GrantIsForAWSResource\": \"true\"\n                }\n            }\n        }\n    ]\n}"}, "responseElements": {"keyMetadata": {"aWSAccountId": "121521347698", "keyId": "55cf70ff-611d-44ee-81e8-b1f0e890a4db", "arn": "arn:aws:kms:us-west-2:121521347698:key/55cf70ff-611d-44ee-81e8-b1f0e890a4db", "creationDate": "Nov 5, 2020 10:53:15 PM", "enabled": true, "description": "", "keyUsage": "ENCRYPT_DECRYPT", "keyState": "Enabled", "origin": "AWS_KMS", "keyManager": "CUSTOMER", "customerMasterKeySpec": "SYMMETRIC_DEFAULT", "encryptionAlgorithms": ["SYMMETRIC_DEFAULT"]}}, "requestID": "6ff5b7f8-7bd8-48a9-ab45-b8ead74990c9", "eventID": "c68a0903-d2f4-4c0e-8cba-4ddd54b60171", "readOnly": false, "resources": [{"accountId": "121521347698", "type": "AWS::KMS::Key", "ARN": "arn:aws:kms:us-west-2:121521347698:key/55cf70ff-611d-44ee-81e8-b1f0e890a4db"}], "eventType": "AwsApiCall", "recipientAccountId": "121521347698"}
{"eventVersion": "1.05", "userIdentity": {"type": "AssumedRole", "principalId": "AROAIJIESMXKGCJRCTPR6:rsoto@contoso.local", "arn": "arn:aws:sts::121521347698:assumed-role/okta_adm_role/rsoto@contoso.local", "accountId": "121521347698", "accessKeyId": "ASIAYTOGP2RLEMNRAKUE", "sessionContext": {"sessionIssuer": {"type": "Role", "principalId": "AROAIJIESMXKGCJRCTPR6", "arn": "arn:aws:iam::121521347698:role/okta_adm_role", "accountId": "121521347698", "userName": "okta_adm_role"}, "webIdFederationData": {}, "attributes": {"mfaAuthenticated": "false", "creationDate": "2020-10-26T17:13:58Z"}}}, "eventTime": "2020-10-26T18:07:07Z", "eventSource": "kms.amazonaws.com", "eventName": "CreateKey", "awsRegion": "us-west-2", "sourceIPAddress": "66.176.252.11", "userAgent": "aws-internal/3 aws-sdk-java/1.11.864 Linux/4.9.217-0.3.ac.206.84.332.metal1.x86_64 OpenJDK_64-Bit_Server_VM/25.262-b10 java/1.8.0_262 vendor/Oracle_Corporation", "requestParameters": {"bypassPolicyLockoutSafetyCheck": false, "origin": "AWS_KMS", "policy": "{\n    \"Id\": \"key-consolepolicy-3\",\n    \"Version\": \"2012-10-17\",\n    \"Statement\": [\n        {\n            \"Sid\": \"Enable IAM User Permissions\",\n            \"Effect\": \"Allow\",\n            \"Principal\": {\n                \"AWS\": \"arn:aws:iam::121521347698:root\"\n            },\n            \"Action\": \"kms:*\",\n            \"Resource\": \"*\"\n        },\n        {\n            \"Sid\": \"Allow access for Key Administrators\",\n            \"Effect\": \"Allow\",\n            \"Principal\": {\n                \"AWS\": \"arn:aws:iam::121521347698:user/rod_cli\"\n            },\n            \"Action\": [\n                \"kms:Create*\",\n                \"kms:Describe*\",\n                \"kms:Enable*\",\n                \"kms:List*\",\n                \"kms:Put*\",\n                \"kms:Update*\",\n                \"kms:Revoke*\",\n                \"kms:Disable*\",\n                \"kms:Get*\",\n                \"kms:Delete*\",\n                \"kms:TagResource\",\n                \"kms:UntagResource\",\n                \"kms:ScheduleKeyDeletion\",\n                \"kms:CancelKeyDeletion\"\n            ],\n            \"Resource\": \"*\"\n        },\n        {\n            \"Sid\": \"Allow use of the key\",\n            \"Effect\": \"Allow\",\n            \"Principal\": {\n                \"AWS\": \"arn:aws:iam::121521347698:user/rod_cli\"\n            },\n            \"Action\": [\n                \"kms:Encrypt\",\n                \"kms:Decrypt\",\n                \"kms:ReEncrypt*\",\n                \"kms:GenerateDataKey*\",\n                \"kms:DescribeKey\"\n            ],\n            \"Resource\": \"*\"\n        },\n        {\n            \"Sid\": \"Allow attachment of persistent resources\",\n            \"Effect\": \"Allow\",\n            \"Principal\": {\n                \"AWS\": \"arn:aws:iam::121521347698:user/rod_cli\"\n            },\n            \"Action\": [\n                \"kms:CreateGrant\",\n                \"kms:ListGrants\",\n                \"kms:RevokeGrant\"\n            ],\n            \"Resource\": \"*\",\n            \"Condition\": {\n                \"Bool\": {\n                    \"kms:GrantIsForAWSResource\": \"true\"\n                }\n            }\n        }\n    ]\n}", "keyUsage": "ENCRYPT_DECRYPT", "tags": [{"tagKey": "research only", "tagValue": ""}], "description": "this key is for research only", "customerMasterKeySpec": "SYMMETRIC_DEFAULT"}, "responseElements": {"keyMetadata": {"aWSAccountId": "121521347698", "keyId": "e16ded1e-99c6-4991-96fd-247977778729", "arn": "arn:aws:kms:us-west-2:121521347698:key/e16ded1e-99c6-4991-96fd-247977778729", "creationDate": "Oct 26, 2020 6:07:07 PM", "enabled": true, "description": "this key is for research only", "keyUsage": "ENCRYPT_DECRYPT", "keyState": "Enabled", "origin": "AWS_KMS", "keyManager": "CUSTOMER", "customerMasterKeySpec": "SYMMETRIC_DEFAULT", "encryptionAlgorithms": ["SYMMETRIC_DEFAULT"]}}, "requestID": "0e69bc19-b2e2-456c-ac91-aedf4745e75f", "eventID": "bd186834-71f7-4469-a85e-7a5a5be82069", "readOnly": false, "resources": [{"accountId": "121521347698", "type": "AWS::KMS::Key", "ARN": "arn:aws:kms:us-west-2:121521347698:key/e16ded1e-99c6-4991-96fd-247977778729"}], "eventType": "AwsApiCall", "recipientAccountId": "121521347698"}
{"eventVersion":"1.05","userIdentity":{"type":"IAMUser","principalId":"AIDAYTOGP2RLDODYLJRER","arn":"arn:aws:iam::121521347698:user/rod_cli","accountId":"121521347698","accessKeyId":"AKIAYTOGP2RLNZMQDGQ7","userName":"rod_cli"},"eventTime":"2020-10-07T00:14:55Z","eventSource":"iam.amazonaws.com","eventName":"CreateAccessKey","awsRegion":"us-east-1","sourceIPAddress":"66.176.252.11","userAgent":"aws-cli/2.0.40 Python/3.8.5 Darwin/18.7.0 source/x86_64 command/iam.create-access-key","errorCode":"NoSuchEntityException","errorMessage":"The user with name root cannot be found.","requestParameters":{"userName":"root"},"responseElements":null,"requestID":"ddba16f2-de8f-4bd4-ba31-9f884d45cec6","eventID":"3ceebb2a-1ee1-446c-8442-dd67d9ceabb8","eventType":"AwsApiCall","recipientAccountId":"121521347698"}
{"eventVersion":"1.05","userIdentity":{"type":"AssumedRole","principalId":"AROAIJIESMXKGCJRCTPR6:jzadeh@contoso.local","arn":"arn:aws:sts::121521347698:assumed-role/okta_adm_role/jzadeh@contoso.local","accountId":"121521347698","accessKeyId":"ASIAYTOGP2RLJHCXHYB7","sessionContext":{"sessionIssuer":{"type":"Role","principalId":"AROAIJIESMXKGCJRCTPR6","arn":"arn:aws:iam::121521347698:role/okta_adm_role","accountId":"121521347698","userName":"okta_adm_role"},"webIdFederationData":{},"attributes":{"mfaAuthenticated":"false","creationDate":"2020-09-08T02:18:40Z"}}},"eventTime":"2020-09-08T02:32:20Z","eventSource":"iam.amazonaws.com","eventName":"CreateAccessKey","awsRegion":"us-east-1","sourceIPAddress":"76.170.250.73","userAgent":"console.amazonaws.com","requestParameters":{"userName":"misko_test"},"responseElements":{"accessKey":{"userName":"misko_test","accessKeyId":"AKIAYTOGP2RLPKGFKA7Y","status":"Active","createDate":"Sep 8, 2020 2:32:20 AM"}},"requestID":"208589c5-9ca4-4421-ad43-00b1d5de135f","eventID":"84ae620e-74cf-4650-9b4f-edf423fabc1d","eventType":"AwsApiCall","recipientAccountId":"121521347698"}
{"eventVersion":"1.05","userIdentity":{"type":"IAMUser","principalId":"AIDAYTOGP2RLEHRX5YWNV","arn":"arn:aws:iam::121521347698:user/bhavin_cli","accountId":"121521347698","accessKeyId":"AKIAYTOGP2RLCQBOQ4HT","userName":"bhavin_cli"},"eventTime":"2020-08-31T20:11:19Z","eventSource":"iam.amazonaws.com","eventName":"CreateAccessKey","awsRegion":"us-east-1","sourceIPAddress":"12.25.72.12","userAgent":"aws-cli/2.0.42 Python/3.8.5 Darwin/19.6.0 source/x86_64 command/iam.create-access-key","requestParameters":{"userName":"attack_test_bhavin"},"responseElements":{"accessKey":{"userName":"attack_test_bhavin","accessKeyId":"AKIAYTOGP2RLJ7PQCKUJ","status":"Active","createDate":"Aug 31, 2020 8:11:19 PM"}},"requestID":"c23defa6-974e-4f68-9e36-63fc2f20a6b4","eventID":"14c5865f-b2e3-4f24-8de7-74319c64a156","eventType":"AwsApiCall","recipientAccountId":"121521347698"}
{"eventVersion":"1.05","userIdentity":{"type":"IAMUser","principalId":"AIDAYTOGP2RLMLKHBFLDJ","arn":"arn:aws:iam::121521347698:user/jzadeh_cli","accountId":"121521347698","accessKeyId":"AKIAYTOGP2RLJMHM3KW6","userName":"jzadeh_cli"},"eventTime":"2020-08-31T18:27:37Z","eventSource":"iam.amazonaws.com","eventName":"CreateAccessKey","awsRegion":"us-east-1","sourceIPAddress":"76.170.250.73","userAgent":"aws-cli/2.0.37 Python/3.8.5 Darwin/19.6.0 source/x86_64 command/iam.create-access-key","errorCode":"NoSuchEntityException","errorMessage":"The user with name patrick-test cannot be found.","requestParameters":{"userName":"patrick-test"},"responseElements":null,"requestID":"99beff2d-75d8-4dad-a7d1-17e237777c13","eventID":"2624b45c-a20f-4694-9cac-452ede89a7ba","eventType":"AwsApiCall","recipientAccountId":"121521347698"}
{"eventVersion":"1.05","userIdentity":{"type":"IAMUser","principalId":"AIDAYTOGP2RLEHRX5YWNV","arn":"arn:aws:iam::121521347698:user/bhavin_cli","accountId":"121521347698","accessKeyId":"AKIAYTOGP2RLCQBOQ4HT","userName":"bhavin_cli"},"eventTime":"2020-08-21T19:34:03Z","eventSource":"iam.amazonaws.com","eventName":"CreateAccessKey","awsRegion":"us-east-1","sourceIPAddress":"12.25.72.12","userAgent":"aws-cli/2.0.42 Python/3.8.5 Darwin/19.6.0 source/x86_64 command/iam.create-access-key","requestParameters":{"userName":"attack_test"},"responseElements":{"accessKey":{"userName":"attack_test","accessKeyId":"AKIAYTOGP2RLCMCPGIMK","status":"Active","createDate":"Aug 21, 2020 7:34:03 PM"}},"requestID":"e3590c23-918c-4aa9-86d2-7344474dd4f5","eventID":"08f9a448-023e-4299-a0af-07afdbf38ead","eventType":"AwsApiCall","recipientAccountId":"121521347698"}
{"eventVersion":"1.05","userIdentity":{"type":"IAMUser","principalId":"AIDAYTOGP2RLEHRX5YWNV","arn":"arn:aws:iam::121521347698:user/bhavin_cli","accountId":"121521347698","accessKeyId":"AKIAYTOGP2RLCQBOQ4HT","userName":"bhavin_cli"},"eventTime":"2020-08-21T19:26:53Z","eventSource":"iam.amazonaws.com","eventName":"CreateAccessKey","awsRegion":"us-east-1","sourceIPAddress":"12.25.72.12","userAgent":"aws-cli/2.0.42 Python/3.8.5 Darwin/19.6.0 source/x86_64 command/iam.create-access-key","errorCode":"NoSuchEntityException","errorMessage":"The user with name attack_test cannot be found.","requestParameters":{"userName":"attack_test"},"responseElements":null,"requestID":"7a401d57-e94a-4c7d-bc33-13f6830e2ce6","eventID":"39577867-2b89-4bb1-ae63-0a6792a9824e","eventType":"AwsApiCall","recipientAccountId":"121521347698"}
{"eventVersion":"1.05","userIdentity":{"type":"IAMUser","principalId":"AIDAYTOGP2RLEHRX5YWNV","arn":"arn:aws:iam::121521347698:user/bhavin_cli","accountId":"121521347698","accessKeyId":"AKIAYTOGP2RLCQBOQ4HT","userName":"bhavin_cli"},"eventTime":"2020-08-21T19:22:39Z","eventSource":"iam.amazonaws.com","eventName":"CreateAccessKey","awsRegion":"us-east-1","sourceIPAddress":"12.25.72.12","userAgent":"aws-cli/2.0.42 Python/3.8.5 Darwin/19.6.0 source/x86_64 command/iam.create-access-key","requestParameters":{"userName":"attack_test"},"responseElements":{"accessKey":{"userName":"attack_test","accessKeyId":"AKIAYTOGP2RLCJX3BY4V","status":"Active","createDate":"Aug 21, 2020 7:22:39 PM"}},"requestID":"f58c4147-ec98-4f2b-9593-b9a04bc3993b","eventID":"704758e1-816a-4dd4-9fa4-6dcad93bac2e","eventType":"AwsApiCall","recipientAccountId":"121521347698"}
{"eventVersion":"1.05","userIdentity":{"type":"IAMUser","principalId":"AIDAJ6Q5I24S6JKLAVZDS","arn":"arn:aws:iam::121521347698:user/jose_cli","accountId":"121521347698","accessKeyId":"AKIAJ4HBMCEJQUGRUSWQ","userName":"jose_cli"},"eventTime":"2020-08-14T04:10:07Z","eventSource":"iam.amazonaws.com","eventName":"CreateAccessKey","awsRegion":"us-east-1","sourceIPAddress":"73.204.247.3","userAgent":"aws-cli/2.0.10 Python/3.8.2 Darwin/18.7.0 botocore/2.0.0dev14","requestParameters":{"userName":"jose-attack-range-demo"},"responseElements":{"accessKey":{"userName":"jose-attack-range-demo","accessKeyId":"AKIAYTOGP2RLH4PRX4IY","status":"Active","createDate":"Aug 14, 2020 4:10:07 AM"}},"requestID":"afe016f9-e321-4eb5-82f0-e116fc327d5f","eventID":"578bc0db-ce76-43de-a101-18027783883d","eventType":"AwsApiCall","recipientAccountId":"121521347698"}
{"eventVersion":"1.05","userIdentity":{"type":"IAMUser","principalId":"AIDAJ6Q5I24S6JKLAVZDS","arn":"arn:aws:iam::121521347698:user/jose_cli","accountId":"121521347698","accessKeyId":"AKIAJ4HBMCEJQUGRUSWQ","userName":"jose_cli"},"eventTime":"2020-08-14T04:10:07Z","eventSource":"iam.amazonaws.com","eventName":"CreateAccessKey","awsRegion":"us-east-1","sourceIPAddress":"73.204.247.3","userAgent":"aws-cli/2.0.10 Python/3.8.2 Darwin/18.7.0 botocore/2.0.0dev14","requestParameters":{"userName":"jose-attack-range-demo"},"responseElements":{"accessKey":{"userName":"jose-attack-range-demo","accessKeyId":"AKIAYTOGP2RLH4PRX4IY","status":"Active","createDate":"Aug 14, 2020 4:10:07 AM"}},"requestID":"afe016f9-e321-4eb5-82f0-e116fc327d5f","eventID":"578bc0db-ce76-43de-a101-18027783883d","eventType":"AwsApiCall","recipientAccountId":"121521347698"}
{"eventVersion":"1.05","userIdentity":{"type":"AssumedRole","principalId":"AROAIJIESMXKGCJRCTPR6:pbareiss@contoso.local","arn":"arn:aws:sts::121521347698:assumed-role/okta_adm_role/pbareiss@contoso.local","accountId":"121521347698","accessKeyId":"ASIAYTOGP2RLOGA7P5ZA","sessionContext":{"sessionIssuer":{"type":"Role","principalId":"AROAIJIESMXKGCJRCTPR6","arn":"arn:aws:iam::121521347698:role/okta_adm_role","accountId":"121521347698","userName":"okta_adm_role"},"webIdFederationData":{},"attributes":{"mfaAuthenticated":"false","creationDate":"2020-08-10T10:51:46Z"}}},"eventTime":"2020-08-10T12:22:17Z","eventSource":"iam.amazonaws.com","eventName":"CreateAccessKey","awsRegion":"us-east-1","sourceIPAddress":"95.90.199.65","userAgent":"console.amazonaws.com","requestParameters":{"userName":"patrick_cli"},"responseElements":{"accessKey":{"userName":"patrick_cli","accessKeyId":"AKIAYTOGP2RLJ2OYSF6E","status":"Active","createDate":"Aug 10, 2020 12:22:17 PM"}},"requestID":"21ff61e8-cdc0-49d8-809d-e00fd3c95239","eventID":"ba7be151-a36d-4e85-901b-8968321ef00d","eventType":"AwsApiCall","recipientAccountId":"121521347698"}
{"eventVersion":"1.05","userIdentity":{"type":"AssumedRole","principalId":"AROAIJIESMXKGCJRCTPR6:pbareiss@contoso.local","arn":"arn:aws:sts::121521347698:assumed-role/okta_adm_role/pbareiss@contoso.local","accountId":"121521347698","accessKeyId":"ASIAYTOGP2RLOGA7P5ZA","sessionContext":{"sessionIssuer":{"type":"Role","principalId":"AROAIJIESMXKGCJRCTPR6","arn":"arn:aws:iam::121521347698:role/okta_adm_role","accountId":"121521347698","userName":"okta_adm_role"},"webIdFederationData":{},"attributes":{"mfaAuthenticated":"false","creationDate":"2020-08-10T10:51:46Z"}}},"eventTime":"2020-08-10T12:22:17Z","eventSource":"iam.amazonaws.com","eventName":"CreateAccessKey","awsRegion":"us-east-1","sourceIPAddress":"95.90.199.65","userAgent":"console.amazonaws.com","requestParameters":{"userName":"patrick_cli"},"responseElements":{"accessKey":{"userName":"patrick_cli","accessKeyId":"AKIAYTOGP2RLJ2OYSF6E","status":"Active","createDate":"Aug 10, 2020 12:22:17 PM"}},"requestID":"21ff61e8-cdc0-49d8-809d-e00fd3c95239","eventID":"ba7be151-a36d-4e85-901b-8968321ef00d","eventType":"AwsApiCall","recipientAccountId":"121521347698"}
{"eventVersion":"1.05","userIdentity":{"type":"AssumedRole","principalId":"AROAIJIESMXKGCJRCTPR6:jhernandez@contoso.local","arn":"arn:aws:sts::121521347698:assumed-role/okta_adm_role/jhernandez@contoso.local","accountId":"121521347698","accessKeyId":"ASIAYTOGP2RLMZAHIDO6","sessionContext":{"sessionIssuer":{"type":"Role","principalId":"AROAIJIESMXKGCJRCTPR6","arn":"arn:aws:iam::121521347698:role/okta_adm_role","accountId":"121521347698","userName":"okta_adm_role"},"webIdFederationData":{},"attributes":{"mfaAuthenticated":"false","creationDate":"2020-08-06T23:06:57Z"}}},"eventTime":"2020-08-07T00:47:21Z","eventSource":"iam.amazonaws.com","eventName":"CreateAccessKey","awsRegion":"us-east-1","sourceIPAddress":"73.204.247.3","userAgent":"console.amazonaws.com","requestParameters":{"userName":"my_attack_range_user"},"responseElements":{"accessKey":{"userName":"my_attack_range_user","accessKeyId":"AKIAYTOGP2RLO6HXQINB","status":"Active","createDate":"Aug 7, 2020 12:47:21 AM"}},"requestID":"e366a61e-d3a3-478f-bde9-9f00ffad6a29","eventID":"81e4353e-c29f-4e0c-aeef-f1e6e87a4df7","eventType":"AwsApiCall","recipientAccountId":"121521347698"}
{"eventVersion":"1.05","userIdentity":{"type":"AssumedRole","principalId":"AROAIJIESMXKGCJRCTPR6:jhernandez@contoso.local","arn":"arn:aws:sts::121521347698:assumed-role/okta_adm_role/jhernandez@contoso.local","accountId":"121521347698","accessKeyId":"ASIAYTOGP2RLMZAHIDO6","sessionContext":{"sessionIssuer":{"type":"Role","principalId":"AROAIJIESMXKGCJRCTPR6","arn":"arn:aws:iam::121521347698:role/okta_adm_role","accountId":"121521347698","userName":"okta_adm_role"},"webIdFederationData":{},"attributes":{"mfaAuthenticated":"false","creationDate":"2020-08-06T23:06:57Z"}}},"eventTime":"2020-08-07T00:47:21Z","eventSource":"iam.amazonaws.com","eventName":"CreateAccessKey","awsRegion":"us-east-1","sourceIPAddress":"73.204.247.3","userAgent":"console.amazonaws.com","requestParameters":{"userName":"my_attack_range_user"},"responseElements":{"accessKey":{"userName":"my_attack_range_user","accessKeyId":"AKIAYTOGP2RLO6HXQINB","status":"Active","createDate":"Aug 7, 2020 12:47:21 AM"}},"requestID":"e366a61e-d3a3-478f-bde9-9f00ffad6a29","eventID":"81e4353e-c29f-4e0c-aeef-f1e6e87a4df7","eventType":"AwsApiCall","recipientAccountId":"121521347698"}
{"eventVersion": "1.05", "userIdentity": {"type": "AssumedRole", "principalId": "AROAIJIESMXKGCJRCTPR6:jhernandez@contoso.local", "arn": "arn:aws:sts::121521347698:assumed-role/okta_adm_role/jhernandez@contoso.local", "accountId": "121521347698", "accessKeyId": "ASIAYTOGP2RLMZAHIDO6", "sessionContext": {"sessionIssuer": {"type": "Role", "principalId": "AROAIJIESMXKGCJRCTPR6", "arn": "arn:aws:iam::121521347698:role/okta_adm_role", "accountId": "121521347698", "userName": "okta_adm_role"}, "webIdFederationData": {}, "attributes": {"mfaAuthenticated": "false", "creationDate": "2020-08-06T23:06:57Z"}}}, "eventTime": "2020-08-07T00:47:21Z", "eventSource": "iam.amazonaws.com", "eventName": "CreateAccessKey", "awsRegion": "us-east-1", "sourceIPAddress": "73.204.247.3", "userAgent": "console.amazonaws.com", "requestParameters": {"userName": "my_attack_range_user"}, "responseElements": {"accessKey": {"userName": "my_attack_range_user", "accessKeyId": "AKIAYTOGP2RLO6HXQINB", "status": "Active", "createDate": "Aug 7, 2020 12:47:21 AM"}}, "requestID": "e366a61e-d3a3-478f-bde9-9f00ffad6a29", "eventID": "81e4353e-c29f-4e0c-aeef-f1e6e87a4df7", "eventType": "AwsApiCall", "recipientAccountId": "121521347698"}
{"eventVersion": "1.05", "userIdentity": {"type": "IAMUser", "principalId": "AIDAYTOGP2RLEHRX5YWNV", "arn": "arn:aws:iam::121521347698:user/bhavin_cli", "accountId": "121521347698", "accessKeyId": "AKIAYTOGP2RLG53UIYWY", "userName": "bhavin_cli"}, "eventTime": "2020-08-05T21:51:11Z", "eventSource": "kms.amazonaws.com", "eventName": "CreateKey", "awsRegion": "us-west-1", "sourceIPAddress": "12.25.72.12", "userAgent": "aws-sdk-go/1.32.12 (go1.13.7; darwin; amd64) APN/1.0 HashiCorp/1.0 Terraform/0.12.12 (+https://www.terraform.io)", "requestParameters": {"description": "artifact-encryption-key", "keyUsage": "ENCRYPT_DECRYPT", "customerMasterKeySpec": "SYMMETRIC_DEFAULT", "origin": "AWS_KMS", "bypassPolicyLockoutSafetyCheck": false}, "responseElements": {"keyMetadata": {"aWSAccountId": "121521347698", "keyId": "d9c487a3-c152-494a-83a1-c5eb4c5c8637", "arn": "arn:aws:kms:us-west-1:121521347698:key/d9c487a3-c152-494a-83a1-c5eb4c5c8637", "creationDate": "Aug 5, 2020 9:51:10 PM", "enabled": true, "description": "artifact-encryption-key", "keyUsage": "ENCRYPT_DECRYPT", "keyState": "Enabled", "origin": "AWS_KMS", "keyManager": "CUSTOMER", "customerMasterKeySpec": "SYMMETRIC_DEFAULT", "encryptionAlgorithms": ["SYMMETRIC_DEFAULT"]}}, "requestID": "d2f19180-5f46-43a6-b73f-6ffae7f9d51a", "eventID": "12922686-7f0b-4645-a32a-ef4fad51c09f", "readOnly": false, "resources": [{"accountId": "121521347698", "type": "AWS::KMS::Key", "ARN": "arn:aws:kms:us-west-1:121521347698:key/d9c487a3-c152-494a-83a1-c5eb4c5c8637"}], "eventType": "AwsApiCall", "recipientAccountId": "121521347698"}
{"eventVersion":"1.05","userIdentity":{"type":"IAMUser","principalId":"AIDAYTOGP2RLEHRX5YWNV","arn":"arn:aws:iam::121521347698:user/bhavin_cli","accountId":"121521347698","accessKeyId":"AKIAYTOGP2RLG53UIYWY","userName":"bhavin_cli"},"eventTime":"2020-08-05T21:12:28Z","eventSource":"kms.amazonaws.com","eventName":"CreateKey","awsRegion":"us-west-1","sourceIPAddress":"12.25.72.12","userAgent":"aws-sdk-go/1.32.12 (go1.13.7; darwin; amd64) APN/1.0 HashiCorp/1.0 Terraform/0.12.12 (+https://www.terraform.io)","requestParameters":{"description":"artifact-encryption-key","keyUsage":"ENCRYPT_DECRYPT","customerMasterKeySpec":"SYMMETRIC_DEFAULT","origin":"AWS_KMS","bypassPolicyLockoutSafetyCheck":false},"responseElements":{"keyMetadata":{"aWSAccountId":"121521347698","keyId":"41d3ee84-8d9f-4746-bb5c-c6bb1aba8d30","arn":"arn:aws:kms:us-west-1:121521347698:key/41d3ee84-8d9f-4746-bb5c-c6bb1aba8d30","creationDate":"Aug 5, 2020 9:12:28 PM","enabled":true,"description":"artifact-encryption-key","keyUsage":"ENCRYPT_DECRYPT","keyState":"Enabled","origin":"AWS_KMS","keyManager":"CUSTOMER","customerMasterKeySpec":"SYMMETRIC_DEFAULT","encryptionAlgorithms":["SYMMETRIC_DEFAULT"]}},"requestID":"dd5fd458-3216-49f3-9e04-df3d730db4ea","eventID":"d7237080-40f5-45b8-a7cf-6a19dc60ec48","readOnly":false,"resources":[{"accountId":"121521347698","type":"AWS::KMS::Key","ARN":"arn:aws:kms:us-west-1:121521347698:key/41d3ee84-8d9f-4746-bb5c-c6bb1aba8d30"}],"eventType":"AwsApiCall","recipientAccountId":"121521347698"}
{"eventVersion":"1.05","userIdentity":{"type":"IAMUser","principalId":"AIDAYTOGP2RLEHRX5YWNV","arn":"arn:aws:iam::121521347698:user/bhavin_cli","accountId":"121521347698","accessKeyId":"AKIAYTOGP2RLG53UIYWY","userName":"bhavin_cli"},"eventTime":"2020-08-05T21:12:28Z","eventSource":"kms.amazonaws.com","eventName":"CreateKey","awsRegion":"us-west-1","sourceIPAddress":"12.25.72.12","userAgent":"aws-sdk-go/1.32.12 (go1.13.7; darwin; amd64) APN/1.0 HashiCorp/1.0 Terraform/0.12.12 (+https://www.terraform.io)","requestParameters":{"description":"artifact-encryption-key","keyUsage":"ENCRYPT_DECRYPT","customerMasterKeySpec":"SYMMETRIC_DEFAULT","origin":"AWS_KMS","bypassPolicyLockoutSafetyCheck":false},"responseElements":{"keyMetadata":{"aWSAccountId":"121521347698","keyId":"41d3ee84-8d9f-4746-bb5c-c6bb1aba8d30","arn":"arn:aws:kms:us-west-1:121521347698:key/41d3ee84-8d9f-4746-bb5c-c6bb1aba8d30","creationDate":"Aug 5, 2020 9:12:28 PM","enabled":true,"description":"artifact-encryption-key","keyUsage":"ENCRYPT_DECRYPT","keyState":"Enabled","origin":"AWS_KMS","keyManager":"CUSTOMER","customerMasterKeySpec":"SYMMETRIC_DEFAULT","encryptionAlgorithms":["SYMMETRIC_DEFAULT"]}},"requestID":"dd5fd458-3216-49f3-9e04-df3d730db4ea","eventID":"d7237080-40f5-45b8-a7cf-6a19dc60ec48","readOnly":false,"resources":[{"accountId":"121521347698","type":"AWS::KMS::Key","ARN":"arn:aws:kms:us-west-1:121521347698:key/41d3ee84-8d9f-4746-bb5c-c6bb1aba8d30"}],"eventType":"AwsApiCall","recipientAccountId":"121521347698"}
{"eventVersion": "1.05", "userIdentity": {"type": "IAMUser", "principalId": "AIDAYTOGP2RLEHRX5YWNV", "arn": "arn:aws:iam::121521347698:user/bhavin_cli", "accountId": "121521347698", "accessKeyId": "AKIAYTOGP2RLG53UIYWY", "userName": "bhavin_cli"}, "eventTime": "2020-08-05T21:12:28Z", "eventSource": "kms.amazonaws.com", "eventName": "CreateKey", "awsRegion": "us-west-1", "sourceIPAddress": "12.25.72.12", "userAgent": "aws-sdk-go/1.32.12 (go1.13.7; darwin; amd64) APN/1.0 HashiCorp/1.0 Terraform/0.12.12 (+https://www.terraform.io)", "requestParameters": {"description": "artifact-encryption-key", "keyUsage": "ENCRYPT_DECRYPT", "customerMasterKeySpec": "SYMMETRIC_DEFAULT", "origin": "AWS_KMS", "bypassPolicyLockoutSafetyCheck": false}, "responseElements": {"keyMetadata": {"aWSAccountId": "121521347698", "keyId": "41d3ee84-8d9f-4746-bb5c-c6bb1aba8d30", "arn": "arn:aws:kms:us-west-1:121521347698:key/41d3ee84-8d9f-4746-bb5c-c6bb1aba8d30", "creationDate": "Aug 5, 2020 9:12:28 PM", "enabled": true, "description": "artifact-encryption-key", "keyUsage": "ENCRYPT_DECRYPT", "keyState": "Enabled", "origin": "AWS_KMS", "keyManager": "CUSTOMER", "customerMasterKeySpec": "SYMMETRIC_DEFAULT", "encryptionAlgorithms": ["SYMMETRIC_DEFAULT"]}}, "requestID": "dd5fd458-3216-49f3-9e04-df3d730db4ea", "eventID": "d7237080-40f5-45b8-a7cf-6a19dc60ec48", "readOnly": false, "resources": [{"accountId": "121521347698", "type": "AWS::KMS::Key", "ARN": "arn:aws:kms:us-west-1:121521347698:key/41d3ee84-8d9f-4746-bb5c-c6bb1aba8d30"}], "eventType": "AwsApiCall", "recipientAccountId": "121521347698"}
{"eventVersion": "1.05", "userIdentity": {"type": "IAMUser", "principalId": "AIDAYTOGP2RLEHRX5YWNV", "arn": "arn:aws:iam::121521347698:user/bhavin_cli", "accountId": "121521347698", "accessKeyId": "AKIAYTOGP2RLG53UIYWY", "userName": "bhavin_cli"}, "eventTime": "2020-08-05T02:16:26Z", "eventSource": "kms.amazonaws.com", "eventName": "CreateKey", "awsRegion": "us-west-1", "sourceIPAddress": "12.25.72.12", "userAgent": "aws-sdk-go/1.32.12 (go1.13.7; darwin; amd64) APN/1.0 HashiCorp/1.0 Terraform/0.12.12 (+https://www.terraform.io)", "requestParameters": {"description": "artifact-encryption-key", "keyUsage": "ENCRYPT_DECRYPT", "customerMasterKeySpec": "SYMMETRIC_DEFAULT", "origin": "AWS_KMS", "bypassPolicyLockoutSafetyCheck": false}, "responseElements": {"keyMetadata": {"aWSAccountId": "121521347698", "keyId": "e095e02b-5229-48c7-8d3d-52e5527a3628", "arn": "arn:aws:kms:us-west-1:121521347698:key/e095e02b-5229-48c7-8d3d-52e5527a3628", "creationDate": "Aug 5, 2020 2:16:26 AM", "enabled": true, "description": "artifact-encryption-key", "keyUsage": "ENCRYPT_DECRYPT", "keyState": "Enabled", "origin": "AWS_KMS", "keyManager": "CUSTOMER", "customerMasterKeySpec": "SYMMETRIC_DEFAULT", "encryptionAlgorithms": ["SYMMETRIC_DEFAULT"]}}, "requestID": "42363144-c242-4ece-9126-a60455d5dcfd", "eventID": "ceef50ad-54a1-4065-9a00-09f53321ff60", "readOnly": false, "resources": [{"accountId": "121521347698", "type": "AWS::KMS::Key", "ARN": "arn:aws:kms:us-west-1:121521347698:key/e095e02b-5229-48c7-8d3d-52e5527a3628"}], "eventType": "AwsApiCall", "recipientAccountId": "121521347698"}
{"eventVersion": "1.05", "userIdentity": {"type": "IAMUser", "principalId": "AIDAYTOGP2RLNMESTYAKV", "arn": "arn:aws:iam::121521347698:user/peterg", "accountId": "121521347698", "accessKeyId": "ASIAYTOGP2RLCK54RQOG", "userName": "peterg", "sessionContext": {"sessionIssuer": {}, "webIdFederationData": {}, "attributes": {"mfaAuthenticated": "false", "creationDate": "2020-08-04T14:53:24Z"}}}, "eventTime": "2020-08-04T15:02:44Z", "eventSource": "iam.amazonaws.com", "eventName": "CreateAccessKey", "awsRegion": "us-east-1", "sourceIPAddress": "99.152.112.173", "userAgent": "console.amazonaws.com", "requestParameters": {"userName": "peter_cli"}, "responseElements": {"accessKey": {"userName": "peter_cli", "accessKeyId": "AKIAYTOGP2RLMEQW3RXW", "status": "Active", "createDate": "Aug 4, 2020 3:02:44 PM"}}, "requestID": "67297c23-9827-40d5-b058-3c7398f20dd8", "eventID": "1cb93ae3-cce9-491a-a00c-5df9aa361b38", "eventType": "AwsApiCall", "recipientAccountId": "121521347698"}
{"eventVersion": "1.05", "userIdentity": {"type": "IAMUser", "principalId": "AIDAYTOGP2RLNMESTYAKV", "arn": "arn:aws:iam::121521347698:user/peterg", "accountId": "121521347698", "accessKeyId": "ASIAYTOGP2RLCK54RQOG", "userName": "peterg", "sessionContext": {"sessionIssuer": {}, "webIdFederationData": {}, "attributes": {"mfaAuthenticated": "false", "creationDate": "2020-08-04T14:53:24Z"}}}, "eventTime": "2020-08-04T14:56:22Z", "eventSource": "iam.amazonaws.com", "eventName": "CreateAccessKey", "awsRegion": "us-east-1", "sourceIPAddress": "99.152.112.173", "userAgent": "console.amazonaws.com", "requestParameters": {"userName": "peterg"}, "responseElements": {"accessKey": {"userName": "peterg", "accessKeyId": "AKIAYTOGP2RLAGMOMWUM", "status": "Active", "createDate": "Aug 4, 2020 2:56:22 PM"}}, "requestID": "0b42620c-b3cf-4660-ab9d-58cfb723542d", "eventID": "e733f642-5d95-4b7b-96e7-3eb18cdd0b4f", "eventType": "AwsApiCall", "recipientAccountId": "121521347698"}
{"eventVersion":"1.05","userIdentity":{"type":"AssumedRole","principalId":"AROAIJIESMXKGCJRCTPR6:jhernandez@contoso.local","arn":"arn:aws:sts::121521347698:assumed-role/okta_adm_role/jhernandez@contoso.local","accountId":"121521347698","accessKeyId":"ASIAYTOGP2RLN6I34CYX","sessionContext":{"sessionIssuer":{"type":"Role","principalId":"AROAIJIESMXKGCJRCTPR6","arn":"arn:aws:iam::121521347698:role/okta_adm_role","accountId":"121521347698","userName":"okta_adm_role"},"webIdFederationData":{},"attributes":{"mfaAuthenticated":"false","creationDate":"2020-07-30T16:01:25Z"}}},"eventTime":"2020-07-30T16:49:06Z","eventSource":"iam.amazonaws.com","eventName":"CreateAccessKey","awsRegion":"us-east-1","sourceIPAddress":"73.57.69.77","userAgent":"console.amazonaws.com","requestParameters":{"userName":"jose-attack-range-demo"},"responseElements":{"accessKey":{"userName":"jose-attack-range-demo","accessKeyId":"AKIAYTOGP2RLO5YXWTTC","status":"Active","createDate":"Jul 30, 2020 4:49:06 PM"}},"requestID":"fe710f54-0071-4ecf-8993-39dd58078049","eventID":"a75bdbac-01bd-4fc8-aea6-ebbab5e9d1fe","eventType":"AwsApiCall","recipientAccountId":"121521347698"}
{"eventVersion":"1.05","userIdentity":{"type":"AssumedRole","principalId":"AROAIJIESMXKGCJRCTPR6:jhernandez@contoso.local","arn":"arn:aws:sts::121521347698:assumed-role/okta_adm_role/jhernandez@contoso.local","accountId":"121521347698","accessKeyId":"ASIAYTOGP2RLN6I34CYX","sessionContext":{"sessionIssuer":{"type":"Role","principalId":"AROAIJIESMXKGCJRCTPR6","arn":"arn:aws:iam::121521347698:role/okta_adm_role","accountId":"121521347698","userName":"okta_adm_role"},"webIdFederationData":{},"attributes":{"mfaAuthenticated":"false","creationDate":"2020-07-30T16:01:25Z"}}},"eventTime":"2020-07-30T16:49:06Z","eventSource":"iam.amazonaws.com","eventName":"CreateAccessKey","awsRegion":"us-east-1","sourceIPAddress":"73.57.69.77","userAgent":"console.amazonaws.com","requestParameters":{"userName":"jose-attack-range-demo"},"responseElements":{"accessKey":{"userName":"jose-attack-range-demo","accessKeyId":"AKIAYTOGP2RLO5YXWTTC","status":"Active","createDate":"Jul 30, 2020 4:49:06 PM"}},"requestID":"fe710f54-0071-4ecf-8993-39dd58078049","eventID":"a75bdbac-01bd-4fc8-aea6-ebbab5e9d1fe","eventType":"AwsApiCall","recipientAccountId":"121521347698"}
{"eventVersion": "1.05", "userIdentity": {"type": "AssumedRole", "principalId": "AROAIJIESMXKGCJRCTPR6:jhernandez@contoso.local", "arn": "arn:aws:sts::121521347698:assumed-role/okta_adm_role/jhernandez@contoso.local", "accountId": "121521347698", "accessKeyId": "ASIAYTOGP2RLN6I34CYX", "sessionContext": {"sessionIssuer": {"type": "Role", "principalId": "AROAIJIESMXKGCJRCTPR6", "arn": "arn:aws:iam::121521347698:role/okta_adm_role", "accountId": "121521347698", "userName": "okta_adm_role"}, "webIdFederationData": {}, "attributes": {"mfaAuthenticated": "false", "creationDate": "2020-07-30T16:01:25Z"}}}, "eventTime": "2020-07-30T16:49:06Z", "eventSource": "iam.amazonaws.com", "eventName": "CreateAccessKey", "awsRegion": "us-east-1", "sourceIPAddress": "73.57.69.77", "userAgent": "console.amazonaws.com", "requestParameters": {"userName": "jose-attack-range-demo"}, "responseElements": {"accessKey": {"userName": "jose-attack-range-demo", "accessKeyId": "AKIAYTOGP2RLO5YXWTTC", "status": "Active", "createDate": "Jul 30, 2020 4:49:06 PM"}}, "requestID": "fe710f54-0071-4ecf-8993-39dd58078049", "eventID": "a75bdbac-01bd-4fc8-aea6-ebbab5e9d1fe", "eventType": "AwsApiCall", "recipientAccountId": "121521347698"}
{"eventVersion":"1.05","userIdentity":{"type":"IAMUser","principalId":"AIDAYTOGP2RLDODYLJRER","arn":"arn:aws:iam::121521347698:user/rod_cli","accountId":"121521347698","accessKeyId":"AKIAYTOGP2RLNZMQDGQ7","userName":"rod_cli"},"eventTime":"2020-07-06T23:07:28Z","eventSource":"iam.amazonaws.com","eventName":"CreateAccessKey","awsRegion":"us-east-1","sourceIPAddress":"73.85.202.189","userAgent":"aws-cli/1.16.260 Python/3.7.5 Darwin/18.7.0 botocore/1.12.250","requestParameters":{"userName":"rod_cli"},"responseElements":{"accessKey":{"userName":"rod_cli","accessKeyId":"AKIAYTOGP2RLCO646WL6","status":"Active","createDate":"Jul 6, 2020 11:07:28 PM"}},"requestID":"1d3344f8-4d52-4b0e-8196-99a3c065dc98","eventID":"2f818214-76ab-4200-a2fd-deabced30189","eventType":"AwsApiCall","recipientAccountId":"121521347698"}
{"eventVersion":"1.05","userIdentity":{"type":"AssumedRole","principalId":"AROAIJIESMXKGCJRCTPR6:pbareiss@contoso.local","arn":"arn:aws:sts::121521347698:assumed-role/okta_adm_role/pbareiss@contoso.local","accountId":"121521347698","accessKeyId":"ASIAYTOGP2RLH7YQKTTQ","sessionContext":{"sessionIssuer":{"type":"Role","principalId":"AROAIJIESMXKGCJRCTPR6","arn":"arn:aws:iam::121521347698:role/okta_adm_role","accountId":"121521347698","userName":"okta_adm_role"},"webIdFederationData":{},"attributes":{"mfaAuthenticated":"false","creationDate":"2020-07-01T08:23:02Z"}}},"eventTime":"2020-07-01T08:24:55Z","eventSource":"iam.amazonaws.com","eventName":"CreateAccessKey","awsRegion":"us-east-1","sourceIPAddress":"95.90.199.24","userAgent":"console.amazonaws.com","requestParameters":{"userName":"attack-range-ci"},"responseElements":{"accessKey":{"userName":"attack-range-ci","accessKeyId":"AKIAYTOGP2RLJLCDHV3P","status":"Active","createDate":"Jul 1, 2020 8:24:55 AM"}},"requestID":"65ef56ee-703d-4880-bdc8-d7245cbcf9bf","eventID":"abad6227-881e-4734-9bbc-f92ea9641edc","eventType":"AwsApiCall","recipientAccountId":"121521347698"}
{"eventVersion":"1.05","userIdentity":{"type":"AssumedRole","principalId":"AROAIJIESMXKGCJRCTPR6:jhernandez@contoso.local","arn":"arn:aws:sts::121521347698:assumed-role/okta_adm_role/jhernandez@contoso.local","accountId":"121521347698","accessKeyId":"ASIAYTOGP2RLJVPW7FN5","sessionContext":{"sessionIssuer":{"type":"Role","principalId":"AROAIJIESMXKGCJRCTPR6","arn":"arn:aws:iam::121521347698:role/okta_adm_role","accountId":"121521347698","userName":"okta_adm_role"},"webIdFederationData":{},"attributes":{"mfaAuthenticated":"false","creationDate":"2020-06-28T14:24:01Z"}}},"eventTime":"2020-06-28T14:42:41Z","eventSource":"iam.amazonaws.com","eventName":"CreateAccessKey","awsRegion":"us-east-1","sourceIPAddress":"73.57.69.77","userAgent":"console.amazonaws.com","requestParameters":{"userName":"attack-range-team-6"},"responseElements":{"accessKey":{"userName":"attack-range-team-6","accessKeyId":"AKIAYTOGP2RLFW3F5T5O","status":"Active","createDate":"Jun 28, 2020 2:42:41 PM"}},"requestID":"cc8f85bc-49ac-45e5-9a7c-c721d5e80778","eventID":"7da66a91-057e-4437-b793-9549aee55ff1","eventType":"AwsApiCall","recipientAccountId":"121521347698"}
{"eventVersion":"1.05","userIdentity":{"type":"AssumedRole","principalId":"AROAIJIESMXKGCJRCTPR6:jhernandez@contoso.local","arn":"arn:aws:sts::121521347698:assumed-role/okta_adm_role/jhernandez@contoso.local","accountId":"121521347698","accessKeyId":"ASIAYTOGP2RLJVPW7FN5","sessionContext":{"sessionIssuer":{"type":"Role","principalId":"AROAIJIESMXKGCJRCTPR6","arn":"arn:aws:iam::121521347698:role/okta_adm_role","accountId":"121521347698","userName":"okta_adm_role"},"webIdFederationData":{},"attributes":{"mfaAuthenticated":"false","creationDate":"2020-06-28T14:24:01Z"}}},"eventTime":"2020-06-28T14:42:41Z","eventSource":"iam.amazonaws.com","eventName":"CreateAccessKey","awsRegion":"us-east-1","sourceIPAddress":"73.57.69.77","userAgent":"console.amazonaws.com","requestParameters":{"userName":"attack-range-team-6"},"responseElements":{"accessKey":{"userName":"attack-range-team-6","accessKeyId":"AKIAYTOGP2RLFW3F5T5O","status":"Active","createDate":"Jun 28, 2020 2:42:41 PM"}},"requestID":"cc8f85bc-49ac-45e5-9a7c-c721d5e80778","eventID":"7da66a91-057e-4437-b793-9549aee55ff1","eventType":"AwsApiCall","recipientAccountId":"121521347698"}
{"eventVersion":"1.05","userIdentity":{"type":"AssumedRole","principalId":"AROAIJIESMXKGCJRCTPR6:jhernandez@contoso.local","arn":"arn:aws:sts::121521347698:assumed-role/okta_adm_role/jhernandez@contoso.local","accountId":"121521347698","accessKeyId":"ASIAYTOGP2RLEVVGQCJ7","sessionContext":{"sessionIssuer":{"type":"Role","principalId":"AROAIJIESMXKGCJRCTPR6","arn":"arn:aws:iam::121521347698:role/okta_adm_role","accountId":"121521347698","userName":"okta_adm_role"},"webIdFederationData":{},"attributes":{"mfaAuthenticated":"false","creationDate":"2020-06-28T01:57:41Z"}}},"eventTime":"2020-06-28T03:28:43Z","eventSource":"iam.amazonaws.com","eventName":"CreateAccessKey","awsRegion":"us-east-1","sourceIPAddress":"73.57.69.77","userAgent":"console.amazonaws.com","requestParameters":{"userName":"attack-range-team-5"},"responseElements":{"accessKey":{"userName":"attack-range-team-5","accessKeyId":"AKIAYTOGP2RLA54AMV7T","status":"Active","createDate":"Jun 28, 2020 3:28:42 AM"}},"requestID":"bfe86cfb-cc93-4e01-93bd-8feca9bb4b69","eventID":"5cd9ecdc-8ee9-4073-96f5-09e2af51f529","eventType":"AwsApiCall","recipientAccountId":"121521347698"}
{"eventVersion":"1.05","userIdentity":{"type":"AssumedRole","principalId":"AROAIJIESMXKGCJRCTPR6:jhernandez@contoso.local","arn":"arn:aws:sts::121521347698:assumed-role/okta_adm_role/jhernandez@contoso.local","accountId":"121521347698","accessKeyId":"ASIAYTOGP2RLEVVGQCJ7","sessionContext":{"sessionIssuer":{"type":"Role","principalId":"AROAIJIESMXKGCJRCTPR6","arn":"arn:aws:iam::121521347698:role/okta_adm_role","accountId":"121521347698","userName":"okta_adm_role"},"webIdFederationData":{},"attributes":{"mfaAuthenticated":"false","creationDate":"2020-06-28T01:57:41Z"}}},"eventTime":"2020-06-28T03:28:43Z","eventSource":"iam.amazonaws.com","eventName":"CreateAccessKey","awsRegion":"us-east-1","sourceIPAddress":"73.57.69.77","userAgent":"console.amazonaws.com","requestParameters":{"userName":"attack-range-team-5"},"responseElements":{"accessKey":{"userName":"attack-range-team-5","accessKeyId":"AKIAYTOGP2RLA54AMV7T","status":"Active","createDate":"Jun 28, 2020 3:28:42 AM"}},"requestID":"bfe86cfb-cc93-4e01-93bd-8feca9bb4b69","eventID":"5cd9ecdc-8ee9-4073-96f5-09e2af51f529","eventType":"AwsApiCall","recipientAccountId":"121521347698"}
{"eventVersion":"1.05","userIdentity":{"type":"AssumedRole","principalId":"AROAIJIESMXKGCJRCTPR6:jhernandez@contoso.local","arn":"arn:aws:sts::121521347698:assumed-role/okta_adm_role/jhernandez@contoso.local","accountId":"121521347698","accessKeyId":"ASIAYTOGP2RLEVVGQCJ7","sessionContext":{"sessionIssuer":{"type":"Role","principalId":"AROAIJIESMXKGCJRCTPR6","arn":"arn:aws:iam::121521347698:role/okta_adm_role","accountId":"121521347698","userName":"okta_adm_role"},"webIdFederationData":{},"attributes":{"mfaAuthenticated":"false","creationDate":"2020-06-28T01:57:41Z"}}},"eventTime":"2020-06-28T02:05:32Z","eventSource":"iam.amazonaws.com","eventName":"CreateAccessKey","awsRegion":"us-east-1","sourceIPAddress":"73.57.69.77","userAgent":"console.amazonaws.com","requestParameters":{"userName":"attack-range-team-3"},"responseElements":{"accessKey":{"userName":"attack-range-team-3","accessKeyId":"AKIAYTOGP2RLAXRIUTDF","status":"Active","createDate":"Jun 28, 2020 2:05:32 AM"}},"requestID":"de4b7779-ee3f-4c22-8846-dde0e2f98ef2","eventID":"6f4abf88-4d61-4bff-88d5-46cb2823bd25","eventType":"AwsApiCall","recipientAccountId":"121521347698"}
{"eventVersion":"1.05","userIdentity":{"type":"AssumedRole","principalId":"AROAIJIESMXKGCJRCTPR6:jhernandez@contoso.local","arn":"arn:aws:sts::121521347698:assumed-role/okta_adm_role/jhernandez@contoso.local","accountId":"121521347698","accessKeyId":"ASIAYTOGP2RLEVVGQCJ7","sessionContext":{"sessionIssuer":{"type":"Role","principalId":"AROAIJIESMXKGCJRCTPR6","arn":"arn:aws:iam::121521347698:role/okta_adm_role","accountId":"121521347698","userName":"okta_adm_role"},"webIdFederationData":{},"attributes":{"mfaAuthenticated":"false","creationDate":"2020-06-28T01:57:41Z"}}},"eventTime":"2020-06-28T02:05:32Z","eventSource":"iam.amazonaws.com","eventName":"CreateAccessKey","awsRegion":"us-east-1","sourceIPAddress":"73.57.69.77","userAgent":"console.amazonaws.com","requestParameters":{"userName":"attack-range-team-3"},"responseElements":{"accessKey":{"userName":"attack-range-team-3","accessKeyId":"AKIAYTOGP2RLAXRIUTDF","status":"Active","createDate":"Jun 28, 2020 2:05:32 AM"}},"requestID":"de4b7779-ee3f-4c22-8846-dde0e2f98ef2","eventID":"6f4abf88-4d61-4bff-88d5-46cb2823bd25","eventType":"AwsApiCall","recipientAccountId":"121521347698"}
{"eventVersion": "1.08", "userIdentity": {"type": "IAMUser", "principalId": "AIDAYTOGP2RLEHRX5YWNV", "arn": "arn:aws:iam::121521347698:user/bhavin_cli", "accountId": "121521347698", "accessKeyId": "AKIAYTOGP2RLNWREA6ND", "userName": "root"}, "eventTime": "2021-02-26T01:08:10Z", "eventSource": "iam.amazonaws.com", "eventName": "CreateAccessKey", "awsRegion": "us-east-1", "sourceIPAddress": "12.25.72.12", "userAgent": "aws-cli/2.0.62 Python/3.9.0 Darwin/19.6.0 source/x86_64 command/iam.create-access-key", "requestParameters": {"userName": "AtomicRedTeam"}, "responseElements": {"accessKey": {"userName": "AtomicRedTeam", "accessKeyId": "AKIAYTOGP2RLJEDGUMEK", "status": "Active", "createDate": "Feb 26, 2021 1:08:10 AM"}}, "requestID": "903525de-d7c9-46cf-898d-6e85a0b2cfeb", "eventID": "745efaa5-65c5-4417-8bc7-ce4dfa677b7b", "readOnly": false, "eventType": "AwsApiCall", "managementEvent": true, "eventCategory": "Management", "recipientAccountId": "121521347698"}
{"eventVersion": "1.08", "userIdentity": {"type": "IAMUser", "principalId": "AIDAYTOGP2RLEHRX5YWNV", "arn": "arn:aws:iam::121521347698:user/bhavin_cli", "accountId": "121521347698", "accessKeyId": "AKIAYTOGP2RLNWREA6ND", "userName": "root"}, "eventTime": "2021-02-26T01:06:41Z", "eventSource": "iam.amazonaws.com", "eventName": "CreateAccessKey", "awsRegion": "us-east-1", "sourceIPAddress": "12.25.72.12", "userAgent": "aws-cli/2.0.62 Python/3.9.0 Darwin/19.6.0 source/x86_64 command/iam.create-access-key", "requestParameters": {"userName": "AtomicRedTeam"}, "responseElements": {"accessKey": {"userName": "AtomicRedTeam", "accessKeyId": "AKIAYTOGP2RLNPC5PRCK", "status": "Active", "createDate": "Feb 26, 2021 1:06:41 AM"}}, "requestID": "86867745-8a4e-41bf-a4e6-95fc7e3050b1", "eventID": "30ca92b1-7b16-4084-af6c-656f5c0f0f70", "readOnly": false, "eventType": "AwsApiCall", "managementEvent": true, "eventCategory": "Management", "recipientAccountId": "121521347698"}
{"eventVersion": "1.08", "userIdentity": {"type": "IAMUser", "principalId": "AIDAYTOGP2RLEHRX5YWNV", "arn": "arn:aws:iam::121521347698:user/bhavin_cli", "accountId": "121521347698", "accessKeyId": "AKIAYTOGP2RLNWREA6ND", "userName": "root"}, "eventTime": "2021-02-26T01:03:01Z", "eventSource": "iam.amazonaws.com", "eventName": "CreateAccessKey", "awsRegion": "us-east-1", "sourceIPAddress": "12.25.72.12", "userAgent": "aws-cli/2.0.62 Python/3.9.0 Darwin/19.6.0 source/x86_64 command/iam.create-access-key", "requestParameters": {"userName": "AtomicRedTeam"}, "responseElements": {"accessKey": {"userName": "AtomicRedTeam", "accessKeyId": "AKIAYTOGP2RLDC5SH6VY", "status": "Active", "createDate": "Feb 26, 2021 1:03:01 AM"}}, "requestID": "4c1829ad-426f-4a29-ad2e-4db3baa2622c", "eventID": "9356bad4-7cce-41a4-98cb-0570f1935597", "readOnly": false, "eventType": "AwsApiCall", "managementEvent": true, "eventCategory": "Management", "recipientAccountId": "121521347698"}
{"eventVersion": "1.08", "userIdentity": {"type": "IAMUser", "principalId": "AIDAYTOGP2RLEHRX5YWNV", "arn": "arn:aws:iam::121521347698:user/bhavin_cli", "accountId": "121521347698", "accessKeyId": "AKIAYTOGP2RLNWREA6ND", "userName": "root"}, "eventTime": "2021-02-26T00:59:56Z", "eventSource": "iam.amazonaws.com", "eventName": "CreateAccessKey", "awsRegion": "us-east-1", "sourceIPAddress": "12.25.72.12", "userAgent": "aws-cli/2.0.62 Python/3.9.0 Darwin/19.6.0 source/x86_64 command/iam.create-access-key", "requestParameters": {"userName": "AtomicRedTeam"}, "responseElements": {"accessKey": {"userName": "AtomicRedTeam", "accessKeyId": "AKIAYTOGP2RLBBCIMNFB", "status": "Active", "createDate": "Feb 26, 2021 12:59:56 AM"}}, "requestID": "f091fc85-c50e-40eb-9b7e-b6261f0487a3", "eventID": "768ae31b-64cd-488b-9a19-14dfcdbe62df", "readOnly": false, "eventType": "AwsApiCall", "managementEvent": true, "eventCategory": "Management", "recipientAccountId": "121521347698"}
