{"eventVersion": "1.08", "userIdentity": {"type": "IAMUser", "principalId": "AIDAYTOGP2RLESDK2NOSX", "arn": "arn:aws:iam::591511147606:user/AtomicRedTeam", "accountId": "591511147606", "accessKeyId": "AKIAYTOGP2RLKMZDMPVA", "userName": "AtomicRedTeam"}, "eventTime": "2021-03-02T21:05:49Z", "eventSource": "iam.amazonaws.com", "eventName": "SetDefaultPolicyVersion", "awsRegion": "us-east-1", "sourceIPAddress": "73.15.72.101", "userAgent": "aws-cli/2.0.62 Python/3.9.0 Darwin/19.6.0 source/x86_64 command/iam.set-default-policy-version", "requestParameters": {"policyArn": "arn:aws:iam::591511147606:policy/VulnerablePolicy", "versionId": "v1"}, "responseElements": null, "requestID": "3bdf8738-2eab-4ae8-a858-2e2a4ccfc66b", "eventID": "742f6e55-4bc7-49e2-965f-56ffbc46a980", "readOnly": false, "eventType": "AwsApiCall", "managementEvent": true, "eventCategory": "Management", "recipientAccountId": "591511147606"}
{"eventVersion": "1.08", "userIdentity": {"type": "IAMUser", "principalId": "AIDAYTOGP2RLN7NXW4ESE", "arn": "arn:aws:iam::591511147606:user/AtomicRedTeam", "accountId": "591511147606", "accessKeyId": "AKIAYTOGP2RLCDFFSI7Z", "userName": "AtomicRedTeam"}, "eventTime": "2021-02-25T22:02:34Z", "eventSource": "iam.amazonaws.com", "eventName": "SetDefaultPolicyVersion", "awsRegion": "us-east-1", "sourceIPAddress": "73.15.72.101", "userAgent": "aws-cli/2.0.62 Python/3.9.0 Darwin/19.6.0 source/x86_64 command/iam.set-default-policy-version", "errorCode": "NoSuchEntityException", "errorMessage": "Policy arn:aws:iam::591511147606:policy/VulnerablePolicy version v2 does not exist or is not attachable.", "requestParameters": {"policyArn": "arn:aws:iam::591511147606:policy/VulnerablePolicy", "versionId": "v2"}, "responseElements": null, "requestID": "886eb6dd-c7eb-4539-8a4d-e55fe0bc1334", "eventID": "33b2aa4b-af00-45d6-adbd-5e9671427ccf", "readOnly": false, "eventType": "AwsApiCall", "managementEvent": true, "eventCategory": "Management", "recipientAccountId": "591511147606"}
{"eventVersion": "1.08", "userIdentity": {"type": "IAMUser", "principalId": "AIDAYTOGP2RLN7NXW4ESE", "arn": "arn:aws:iam::591511147606:user/AtomicRedTeam", "accountId": "591511147606", "accessKeyId": "AKIAYTOGP2RLCDFFSI7Z", "userName": "AtomicRedTeam"}, "eventTime": "2021-02-25T22:01:36Z", "eventSource": "iam.amazonaws.com", "eventName": "SetDefaultPolicyVersion", "awsRegion": "us-east-1", "sourceIPAddress": "73.15.72.101", "userAgent": "aws-cli/2.0.62 Python/3.9.0 Darwin/19.6.0 source/x86_64 command/iam.set-default-policy-version", "requestParameters": {"policyArn": "arn:aws:iam::591511147606:policy/VulnerablePolicy", "versionId": "v1"}, "responseElements": null, "requestID": "deaeffd3-5e5f-40ec-9bfe-c87c7171f7a0", "eventID": "7429a6ad-8b27-462b-b463-d0d98f093818", "readOnly": false, "eventType": "AwsApiCall", "managementEvent": true, "eventCategory": "Management", "recipientAccountId": "591511147606"}
{"eventVersion": "1.08", "userIdentity": {"type": "IAMUser", "principalId": "AIDAYTOGP2RLEHRX5YWNV", "arn": "arn:aws:iam::591511147606:user/bhavin_cli", "accountId": "591511147606", "accessKeyId": "AKIAYTOGP2RLNWREA6ND", "userName": "bhavin_cli"}, "eventTime": "2021-02-25T00:47:28Z", "eventSource": "iam.amazonaws.com", "eventName": "SetDefaultPolicyVersion", "awsRegion": "us-east-1", "sourceIPAddress": "73.15.72.101", "userAgent": "aws-cli/2.0.62 Python/3.9.0 Darwin/19.6.0 source/x86_64 command/iam.set-default-policy-version", "requestParameters": {"policyArn": "arn:aws:iam::591511147606:policy/VulnerablePolicy", "versionId": "v1"}, "responseElements": null, "requestID": "26aeca5f-8610-4abe-9f07-2cf0d958682a", "eventID": "d0fd02d6-385a-4226-8e1e-c409ff5a6a94", "readOnly": false, "eventType": "AwsApiCall", "managementEvent": true, "eventCategory": "Management", "recipientAccountId": "591511147606"}
