{"eventVersion": "1.08", "userIdentity": {"type": "AssumedRole", "principalId": "AROAIJIESMXKGCJRCTPR6:bpatel@contoso.local", "arn": "arn:aws:sts::123599847101:assumed-role/okta_adm_role/bpatel@contoso.local", "accountId": "123599847101", "accessKeyId": "ASIAYTOGP2RLCMRQBJUI", "sessionContext": {"sessionIssuer": {"type": "Role", "principalId": "AROAIJIESMXKGCJRCTPR6", "arn": "arn:aws:iam::123599847101:role/okta_adm_role", "accountId": "123599847101", "userName": "okta_adm_role"}, "webIdFederationData": {}, "attributes": {"mfaAuthenticated": "false", "creationDate": "2021-04-07T18:47:15Z"}}}, "eventTime": "2021-04-07T18:49:22Z", "eventSource": "iam.amazonaws.com", "eventName": "DeleteGroup", "awsRegion": "us-east-1", "sourceIPAddress": "132.1.11.19", "userAgent": "console.amazonaws.com", "requestParameters": {"groupName": "AtomicRedTeam_Victim"}, "responseElements": null, "requestID": "67c58d59-82d7-4239-8e97-d0f47a2feacb", "eventID": "dc59b64a-7b8a-427a-a4d8-f3821d3ec138", "readOnly": false, "eventType": "AwsApiCall", "managementEvent": true, "eventCategory": "Management", "recipientAccountId": "123599847101"}
{"eventVersion": "1.08", "userIdentity": {"type": "IAMUser", "principalId": "AIDAYTOGP2RLEHRX5YWNV", "arn": "arn:aws:iam::123599847101:user/bhavin_cli", "accountId": "123599847101", "accessKeyId": "AKIAYTOGP2RLLAA6NJUM", "userName": "bhavin_cli"}, "eventTime": "2021-04-07T17:30:54Z", "eventSource": "iam.amazonaws.com", "eventName": "DeleteGroup", "awsRegion": "us-east-1", "sourceIPAddress": "132.1.11.19", "userAgent": "aws-cli/2.0.62 Python/3.9.2 Darwin/19.6.0 source/x86_64 command/iam.delete-group", "requestParameters": {"groupName": "AtomicRedTeam_Victim"}, "responseElements": null, "requestID": "704bf4e8-0421-45ee-999f-6693ac6f7021", "eventID": "3315d89d-e886-4af0-8567-f8c14d45e06c", "readOnly": false, "eventType": "AwsApiCall", "managementEvent": true, "eventCategory": "Management", "recipientAccountId": "123599847101"}
{"eventVersion": "1.08", "userIdentity": {"type": "IAMUser", "principalId": "AIDAYTOGP2RLEHRX5YWNV", "arn": "arn:aws:iam::123599847101:user/bhavin_cli", "accountId": "123599847101", "accessKeyId": "AKIAYTOGP2RLLAA6NJUM", "userName": "bhavin_cli"}, "eventTime": "2021-04-07T17:30:54Z", "eventSource": "iam.amazonaws.com", "eventName": "DeleteGroup", "awsRegion": "us-east-1", "sourceIPAddress": "132.1.11.19", "userAgent": "aws-cli/2.0.62 Python/3.9.2 Darwin/19.6.0 source/x86_64 command/iam.delete-group", "requestParameters": {"groupName": "AtomicRedTeam_Victim"}, "responseElements": null, "requestID": "704bf4e8-0421-45ee-999f-6693ac6f7021", "eventID": "3315d89d-e886-4af0-8567-f8c14d45e06c", "readOnly": false, "eventType": "AwsApiCall", "managementEvent": true, "eventCategory": "Management", "recipientAccountId": "123599847101"}
{"eventVersion": "1.08", "userIdentity": {"type": "IAMUser", "principalId": "AIDAYTOGP2RLEHRX5YWNV", "arn": "arn:aws:iam::123599847101:user/bhavin_cli", "accountId": "123599847101", "accessKeyId": "AKIAYTOGP2RLLAA6NJUM", "userName": "bhavin_cli"}, "eventTime": "2021-04-07T17:30:20Z", "eventSource": "iam.amazonaws.com", "eventName": "DeleteGroup", "awsRegion": "us-east-1", "sourceIPAddress": "132.1.11.19", "userAgent": "aws-cli/2.0.62 Python/3.9.2 Darwin/19.6.0 source/x86_64 command/iam.delete-group", "requestParameters": {"groupName": "AtomicRedTeam_Victim"}, "responseElements": null, "requestID": "e6e78984-c350-49ef-a79e-09988927e3d5", "eventID": "c261f0e0-d143-43e8-b883-17ffe0ab59f8", "readOnly": false, "eventType": "AwsApiCall", "managementEvent": true, "eventCategory": "Management", "recipientAccountId": "123599847101"}
{"eventVersion": "1.08", "userIdentity": {"type": "IAMUser", "principalId": "AIDAYTOGP2RLEHRX5YWNV", "arn": "arn:aws:iam::123599847101:user/bhavin_cli", "accountId": "123599847101", "accessKeyId": "AKIAYTOGP2RLLAA6NJUM", "userName": "bhavin_cli"}, "eventTime": "2021-04-07T17:30:20Z", "eventSource": "iam.amazonaws.com", "eventName": "DeleteGroup", "awsRegion": "us-east-1", "sourceIPAddress": "132.1.11.19", "userAgent": "aws-cli/2.0.62 Python/3.9.2 Darwin/19.6.0 source/x86_64 command/iam.delete-group", "requestParameters": {"groupName": "AtomicRedTeam_Victim"}, "responseElements": null, "requestID": "e6e78984-c350-49ef-a79e-09988927e3d5", "eventID": "c261f0e0-d143-43e8-b883-17ffe0ab59f8", "readOnly": false, "eventType": "AwsApiCall", "managementEvent": true, "eventCategory": "Management", "recipientAccountId": "123599847101"}
{"eventVersion": "1.08", "userIdentity": {"type": "IAMUser", "principalId": "AIDAYTOGP2RLEHRX5YWNV", "arn": "arn:aws:iam::123599847101:user/bhavin_cli", "accountId": "123599847101", "accessKeyId": "AKIAYTOGP2RLLAA6NJUM", "userName": "bhavin_cli"}, "eventTime": "2021-04-07T03:09:05Z", "eventSource": "iam.amazonaws.com", "eventName": "DeleteGroup", "awsRegion": "us-east-1", "sourceIPAddress": "132.1.11.19", "userAgent": "aws-cli/2.0.62 Python/3.9.2 Darwin/19.6.0 source/x86_64 command/iam.delete-group", "requestParameters": {"groupName": "AtomicRedTeam_Victim"}, "responseElements": null, "requestID": "5549acb9-4cb6-4f04-904f-2b9beddeb0df", "eventID": "f02eb7f2-7847-44d3-a245-88a711efd826", "readOnly": false, "eventType": "AwsApiCall", "managementEvent": true, "eventCategory": "Management", "recipientAccountId": "123599847101"}
{"eventVersion": "1.08", "userIdentity": {"type": "IAMUser", "principalId": "AIDAYTOGP2RLEHRX5YWNV", "arn": "arn:aws:iam::123599847101:user/bhavin_cli", "accountId": "123599847101", "accessKeyId": "AKIAYTOGP2RLLAA6NJUM", "userName": "bhavin_cli"}, "eventTime": "2021-04-07T00:16:51Z", "eventSource": "iam.amazonaws.com", "eventName": "DeleteGroup", "awsRegion": "us-east-1", "sourceIPAddress": "132.1.11.19", "userAgent": "aws-cli/2.0.62 Python/3.9.2 Darwin/19.6.0 source/x86_64 command/iam.delete-group", "requestParameters": {"groupName": "AtomicRedTeam_Victim"}, "responseElements": null, "requestID": "dac9937a-f34d-4828-8dba-ada7f13fba2c", "eventID": "7441266d-5282-4279-9bd2-9a944d2ee2ae", "readOnly": false, "eventType": "AwsApiCall", "managementEvent": true, "eventCategory": "Management", "recipientAccountId": "123599847101"}
{"eventVersion": "1.08", "userIdentity": {"type": "IAMUser", "principalId": "AIDAYTOGP2RLEHRX5YWNV", "arn": "arn:aws:iam::123599847101:user/bhavin_cli", "accountId": "123599847101", "accessKeyId": "AKIAYTOGP2RLLAA6NJUM", "userName": "bhavin_cli"}, "eventTime": "2021-04-07T00:12:49Z", "eventSource": "iam.amazonaws.com", "eventName": "DeleteGroup", "awsRegion": "us-east-1", "sourceIPAddress": "132.1.11.19", "userAgent": "aws-cli/2.0.62 Python/3.9.2 Darwin/19.6.0 source/x86_64 command/iam.delete-group", "requestParameters": {"groupName": "AtomicRedTeam_Victim"}, "responseElements": null, "requestID": "ea6821b8-4e2f-434d-822c-0a8ef988a313", "eventID": "273c8b4f-282b-4332-90b3-59be29f1230e", "readOnly": false, "eventType": "AwsApiCall", "managementEvent": true, "eventCategory": "Management", "recipientAccountId": "123599847101"}
{"eventVersion": "1.08", "userIdentity": {"type": "IAMUser", "principalId": "AIDAYTOGP2RLEHRX5YWNV", "arn": "arn:aws:iam::123599847101:user/bhavin_cli", "accountId": "123599847101", "accessKeyId": "AKIAYTOGP2RLLAA6NJUM", "userName": "bhavin_cli"}, "eventTime": "2021-04-06T23:26:47Z", "eventSource": "iam.amazonaws.com", "eventName": "DeleteGroup", "awsRegion": "us-east-1", "sourceIPAddress": "132.1.11.19", "userAgent": "aws-cli/2.0.62 Python/3.9.2 Darwin/19.6.0 source/x86_64 command/iam.delete-group", "requestParameters": {"groupName": "AtomicRedTeam_Victim"}, "responseElements": null, "requestID": "fead81b7-da6b-44da-a621-35a0a630d1dd", "eventID": "0c58e71a-5b18-4c9b-840f-39293cd7980f", "readOnly": false, "eventType": "AwsApiCall", "managementEvent": true, "eventCategory": "Management", "recipientAccountId": "123599847101"}
{"eventVersion": "1.08", "userIdentity": {"type": "IAMUser", "principalId": "AIDAYTOGP2RLEHRX5YWNV", "arn": "arn:aws:iam::123599847101:user/bhavin_cli", "accountId": "123599847101", "accessKeyId": "AKIAYTOGP2RLLAA6NJUM", "userName": "bhavin_cli"}, "eventTime": "2021-04-02T21:17:17Z", "eventSource": "iam.amazonaws.com", "eventName": "DeleteGroup", "awsRegion": "us-east-1", "sourceIPAddress": "132.1.11.19", "userAgent": "aws-cli/2.0.62 Python/3.9.2 Darwin/19.6.0 source/x86_64 command/iam.delete-group", "requestParameters": {"groupName": "AtomicRedTeam_Victim"}, "responseElements": null, "requestID": "f975f5cd-8a4e-48e6-90c9-1c26d2347029", "eventID": "4dbca1f2-d836-4491-a2fd-b68ce1ec9776", "readOnly": false, "eventType": "AwsApiCall", "managementEvent": true, "eventCategory": "Management", "recipientAccountId": "123599847101"}
{"eventVersion": "1.08", "userIdentity": {"type": "IAMUser", "principalId": "AIDAYTOGP2RLEHRX5YWNV", "arn": "arn:aws:iam::123599847101:user/bhavin_cli", "accountId": "123599847101", "accessKeyId": "AKIAYTOGP2RLLAA6NJUM", "userName": "bhavin_cli"}, "eventTime": "2021-04-02T20:55:03Z", "eventSource": "iam.amazonaws.com", "eventName": "DeleteGroup", "awsRegion": "us-east-1", "sourceIPAddress": "132.1.11.19", "userAgent": "aws-cli/2.0.62 Python/3.9.2 Darwin/19.6.0 source/x86_64 command/iam.delete-group", "requestParameters": {"groupName": "AtomicRedTeam_Victim"}, "responseElements": null, "requestID": "f979b12d-13c5-43b4-8f2a-675ef0b63236", "eventID": "cf0f7e45-0443-4af3-8156-d5d9a44821c2", "readOnly": false, "eventType": "AwsApiCall", "managementEvent": true, "eventCategory": "Management", "recipientAccountId": "123599847101"}
{"eventVersion": "1.08", "userIdentity": {"type": "IAMUser", "principalId": "AIDAYTOGP2RLEHRX5YWNV", "arn": "arn:aws:iam::123599847101:user/bhavin_cli", "accountId": "123599847101", "accessKeyId": "AKIAYTOGP2RLLAA6NJUM", "userName": "bhavin_cli"}, "eventTime": "2021-04-02T20:31:40Z", "eventSource": "iam.amazonaws.com", "eventName": "DeleteGroup", "awsRegion": "us-east-1", "sourceIPAddress": "132.1.11.19", "userAgent": "aws-cli/2.0.62 Python/3.9.2 Darwin/19.6.0 source/x86_64 command/iam.delete-group", "requestParameters": {"groupName": "AtomicRedTeam_Victim"}, "responseElements": null, "requestID": "7f97054e-8c82-43e2-8da8-b2d62debe7d8", "eventID": "5b9fc28a-5c4e-42e5-ae60-be9c426016ae", "readOnly": false, "eventType": "AwsApiCall", "managementEvent": true, "eventCategory": "Management", "recipientAccountId": "123599847101"}
{"eventVersion": "1.08", "userIdentity": {"type": "IAMUser", "principalId": "AIDAYTOGP2RLEHRX5YWNV", "arn": "arn:aws:iam::123599847101:user/bhavin_cli", "accountId": "123599847101", "accessKeyId": "AKIAYTOGP2RLLAA6NJUM", "userName": "bhavin_cli"}, "eventTime": "2021-04-02T20:27:50Z", "eventSource": "iam.amazonaws.com", "eventName": "DeleteGroup", "awsRegion": "us-east-1", "sourceIPAddress": "132.1.11.19", "userAgent": "aws-cli/2.0.62 Python/3.9.2 Darwin/19.6.0 source/x86_64 command/iam.delete-group", "requestParameters": {"groupName": "AtomicRedTeam_Victim"}, "responseElements": null, "requestID": "223e6aa4-06e5-4606-b6ed-3d60b9d79962", "eventID": "90382394-d9e1-4aec-a7e4-4a1ab2e88146", "readOnly": false, "eventType": "AwsApiCall", "managementEvent": true, "eventCategory": "Management", "recipientAccountId": "123599847101"}
{"eventVersion": "1.08", "userIdentity": {"type": "IAMUser", "principalId": "AIDAYTOGP2RLEHRX5YWNV", "arn": "arn:aws:iam::123599847101:user/bhavin_cli", "accountId": "123599847101", "accessKeyId": "AKIAYTOGP2RLLAA6NJUM", "userName": "bhavin_cli"}, "eventTime": "2021-04-02T20:02:02Z", "eventSource": "iam.amazonaws.com", "eventName": "DeleteGroup", "awsRegion": "us-east-1", "sourceIPAddress": "132.1.11.19", "userAgent": "aws-cli/2.0.62 Python/3.9.2 Darwin/19.6.0 source/x86_64 command/iam.delete-group", "requestParameters": {"groupName": "AtomicRedTeam_Victim"}, "responseElements": null, "requestID": "5b5a79ce-802b-4601-b583-1c4e09e65f71", "eventID": "653d4902-2e28-4df9-bf27-f2ab17c26dd2", "readOnly": false, "eventType": "AwsApiCall", "managementEvent": true, "eventCategory": "Management", "recipientAccountId": "123599847101"}
{"eventVersion": "1.08", "userIdentity": {"type": "IAMUser", "principalId": "AIDAYTOGP2RLEHRX5YWNV", "arn": "arn:aws:iam::123599847101:user/bhavin_cli", "accountId": "123599847101", "accessKeyId": "AKIAYTOGP2RLLAA6NJUM", "userName": "bhavin_cli"}, "eventTime": "2021-04-02T19:21:05Z", "eventSource": "iam.amazonaws.com", "eventName": "DeleteGroup", "awsRegion": "us-east-1", "sourceIPAddress": "132.1.11.19", "userAgent": "aws-cli/2.0.62 Python/3.9.2 Darwin/19.6.0 source/x86_64 command/iam.delete-group", "requestParameters": {"groupName": "AtomicRedTeam_Victim"}, "responseElements": null, "requestID": "0047d290-1592-413c-9252-200153567bae", "eventID": "78416623-8b38-45d0-a3b1-2223b07c2bbe", "readOnly": false, "eventType": "AwsApiCall", "managementEvent": true, "eventCategory": "Management", "recipientAccountId": "123599847101"}
{"eventVersion": "1.08", "userIdentity": {"type": "IAMUser", "principalId": "AIDAYTOGP2RLEHRX5YWNV", "arn": "arn:aws:iam::123599847101:user/bhavin_cli", "accountId": "123599847101", "accessKeyId": "AKIAYTOGP2RLLAA6NJUM", "userName": "bhavin_cli"}, "eventTime": "2021-04-01T18:46:52Z", "eventSource": "iam.amazonaws.com", "eventName": "DeleteGroup", "awsRegion": "us-east-1", "sourceIPAddress": "132.1.11.19", "userAgent": "aws-cli/2.0.62 Python/3.9.2 Darwin/19.6.0 source/x86_64 command/iam.delete-group", "requestParameters": {"groupName": "AtomicRedTeam_Victim"}, "responseElements": null, "requestID": "372cba47-0309-4c18-9f71-333c0fe706da", "eventID": "bd3801dc-91df-4670-b218-1b9c4bf92f2d", "readOnly": false, "eventType": "AwsApiCall", "managementEvent": true, "eventCategory": "Management", "recipientAccountId": "123599847101"}
{"eventVersion": "1.08", "userIdentity": {"type": "IAMUser", "principalId": "AIDAYTOGP2RLEHRX5YWNV", "arn": "arn:aws:iam::123599847101:user/bhavin_cli", "accountId": "123599847101", "accessKeyId": "AKIAYTOGP2RLLAA6NJUM", "userName": "bhavin_cli"}, "eventTime": "2021-04-01T18:43:57Z", "eventSource": "iam.amazonaws.com", "eventName": "DeleteGroup", "awsRegion": "us-east-1", "sourceIPAddress": "132.1.11.19", "userAgent": "aws-cli/2.0.62 Python/3.9.2 Darwin/19.6.0 source/x86_64 command/iam.delete-group", "requestParameters": {"groupName": "AtomicRedTeam_Victim"}, "responseElements": null, "requestID": "fd5c0ac0-b00e-487b-a0f2-e40478d0bcf1", "eventID": "881b4368-6647-4f0d-b6ff-cb6a73493de0", "readOnly": false, "eventType": "AwsApiCall", "managementEvent": true, "eventCategory": "Management", "recipientAccountId": "123599847101"}
{"eventVersion": "1.08", "userIdentity": {"type": "IAMUser", "principalId": "AIDAYTOGP2RLEHRX5YWNV", "arn": "arn:aws:iam::123599847101:user/bhavin_cli", "accountId": "123599847101", "accessKeyId": "AKIAYTOGP2RLLAA6NJUM", "userName": "bhavin_cli"}, "eventTime": "2021-03-23T19:23:53Z", "eventSource": "iam.amazonaws.com", "eventName": "DeleteGroup", "awsRegion": "us-east-1", "sourceIPAddress": "132.1.11.19", "userAgent": "aws-cli/2.0.62 Python/3.9.2 Darwin/19.6.0 source/x86_64 command/iam.delete-group", "requestParameters": {"groupName": "AtomicRedTeam"}, "responseElements": null, "requestID": "83117652-0ebc-46cc-98f7-4cd781cdcec7", "eventID": "15ec6e21-83ff-4b77-8cbb-3eab162efddd", "readOnly": false, "eventType": "AwsApiCall", "managementEvent": true, "eventCategory": "Management", "recipientAccountId": "123599847101"}
{"eventVersion": "1.08", "userIdentity": {"type": "IAMUser", "principalId": "AIDAYTOGP2RLEHRX5YWNV", "arn": "arn:aws:iam::123599847101:user/bhavin_cli", "accountId": "123599847101", "accessKeyId": "AKIAYTOGP2RLLAA6NJUM", "userName": "bhavin_cli"}, "eventTime": "2021-03-22T21:51:01Z", "eventSource": "iam.amazonaws.com", "eventName": "DeleteGroup", "awsRegion": "us-east-1", "sourceIPAddress": "132.1.11.19", "userAgent": "aws-cli/2.0.62 Python/3.9.2 Darwin/19.6.0 source/x86_64 command/iam.delete-group", "requestParameters": {"groupName": "AtomicRedTeam"}, "responseElements": null, "requestID": "f40e4bda-556b-4ccd-987d-c6fbfa3e841e", "eventID": "732d041d-c72b-41d6-ac5b-a5742ac8cc0c", "readOnly": false, "eventType": "AwsApiCall", "managementEvent": true, "eventCategory": "Management", "recipientAccountId": "123599847101"}
{"eventVersion": "1.08", "userIdentity": {"type": "IAMUser", "principalId": "AIDAYTOGP2RLEHRX5YWNV", "arn": "arn:aws:iam::123599847101:user/bhavin_cli", "accountId": "123599847101", "accessKeyId": "AKIAYTOGP2RLLAA6NJUM", "userName": "bhavin_cli"}, "eventTime": "2021-03-22T21:45:34Z", "eventSource": "iam.amazonaws.com", "eventName": "DeleteGroup", "awsRegion": "us-east-1", "sourceIPAddress": "132.1.11.19", "userAgent": "aws-cli/2.0.62 Python/3.9.2 Darwin/19.6.0 source/x86_64 command/iam.delete-group", "requestParameters": {"groupName": "AtomicRedTeam"}, "responseElements": null, "requestID": "043608ae-fa63-4b71-80fd-d6651dde638d", "eventID": "fcd949e2-cb87-4682-a25a-403e57c2e4b0", "readOnly": false, "eventType": "AwsApiCall", "managementEvent": true, "eventCategory": "Management", "recipientAccountId": "123599847101"}
{"eventVersion": "1.08", "userIdentity": {"type": "IAMUser", "principalId": "AIDAYTOGP2RLEHRX5YWNV", "arn": "arn:aws:iam::123599847101:user/bhavin_cli", "accountId": "123599847101", "accessKeyId": "AKIAYTOGP2RLLAA6NJUM", "userName": "bhavin_cli"}, "eventTime": "2021-03-22T21:33:23Z", "eventSource": "iam.amazonaws.com", "eventName": "DeleteGroup", "awsRegion": "us-east-1", "sourceIPAddress": "132.1.11.19", "userAgent": "aws-cli/2.0.62 Python/3.9.2 Darwin/19.6.0 source/x86_64 command/iam.delete-group", "requestParameters": {"groupName": "AtomicRedTeam"}, "responseElements": null, "requestID": "cd04dbd2-5966-4b04-ac59-c56bc6822918", "eventID": "0e823b84-c2fa-4374-aceb-74cb98423f2a", "readOnly": false, "eventType": "AwsApiCall", "managementEvent": true, "eventCategory": "Management", "recipientAccountId": "123599847101"}
{"eventVersion": "1.08", "userIdentity": {"type": "IAMUser", "principalId": "AIDAYTOGP2RLEHRX5YWNV", "arn": "arn:aws:iam::123599847101:user/bhavin_cli", "accountId": "123599847101", "accessKeyId": "AKIAYTOGP2RLLAA6NJUM", "userName": "bhavin_cli"}, "eventTime": "2021-03-22T21:22:06Z", "eventSource": "iam.amazonaws.com", "eventName": "DeleteGroup", "awsRegion": "us-east-1", "sourceIPAddress": "132.1.11.19", "userAgent": "aws-cli/2.0.62 Python/3.9.2 Darwin/19.6.0 source/x86_64 command/iam.delete-group", "requestParameters": {"groupName": "AtomicRedTeam"}, "responseElements": null, "requestID": "ec66f42a-f263-4d16-9048-73a08360c40b", "eventID": "18c7f928-5510-4b54-a7d8-74705e5b20d3", "readOnly": false, "eventType": "AwsApiCall", "managementEvent": true, "eventCategory": "Management", "recipientAccountId": "123599847101"}
{"eventVersion": "1.08", "userIdentity": {"type": "IAMUser", "principalId": "AIDAYTOGP2RLEHRX5YWNV", "arn": "arn:aws:iam::123599847101:user/bhavin_cli", "accountId": "123599847101", "accessKeyId": "AKIAYTOGP2RLLAA6NJUM", "userName": "bhavin_cli"}, "eventTime": "2021-03-22T21:17:40Z", "eventSource": "iam.amazonaws.com", "eventName": "DeleteGroup", "awsRegion": "us-east-1", "sourceIPAddress": "132.1.11.19", "userAgent": "aws-cli/2.0.62 Python/3.9.2 Darwin/19.6.0 source/x86_64 command/iam.delete-group", "requestParameters": {"groupName": "AtomicRedTeam"}, "responseElements": null, "requestID": "f9cc9b0d-22eb-4bdd-b12a-ea22b411d91e", "eventID": "49d67fb1-ea28-4a4f-8ff8-b7702acaec73", "readOnly": false, "eventType": "AwsApiCall", "managementEvent": true, "eventCategory": "Management", "recipientAccountId": "123599847101"}
{"eventVersion": "1.08", "userIdentity": {"type": "IAMUser", "principalId": "AIDAYTOGP2RLEHRX5YWNV", "arn": "arn:aws:iam::123599847101:user/bhavin_cli", "accountId": "123599847101", "accessKeyId": "AKIAYTOGP2RLLAA6NJUM", "userName": "bhavin_cli"}, "eventTime": "2021-03-22T21:09:10Z", "eventSource": "iam.amazonaws.com", "eventName": "DeleteGroup", "awsRegion": "us-east-1", "sourceIPAddress": "132.1.11.19", "userAgent": "aws-cli/2.0.62 Python/3.9.2 Darwin/19.6.0 source/x86_64 command/iam.delete-group", "requestParameters": {"groupName": "AtomicRedTeam"}, "responseElements": null, "requestID": "ffc2ec78-bd14-4221-b98a-4463dec89f33", "eventID": "399026b6-3dda-4416-bd4b-ce059685737c", "readOnly": false, "eventType": "AwsApiCall", "managementEvent": true, "eventCategory": "Management", "recipientAccountId": "123599847101"}
{"eventVersion": "1.08", "userIdentity": {"type": "IAMUser", "principalId": "AIDAYTOGP2RLEHRX5YWNV", "arn": "arn:aws:iam::123599847101:user/bhavin_cli", "accountId": "123599847101", "accessKeyId": "AKIAYTOGP2RLLAA6NJUM", "userName": "bhavin_cli"}, "eventTime": "2021-03-22T21:05:23Z", "eventSource": "iam.amazonaws.com", "eventName": "DeleteGroup", "awsRegion": "us-east-1", "sourceIPAddress": "132.1.11.19", "userAgent": "aws-cli/2.0.62 Python/3.9.2 Darwin/19.6.0 source/x86_64 command/iam.delete-group", "requestParameters": {"groupName": "AtomicRedTeam"}, "responseElements": null, "requestID": "cb7fcebd-f11b-4d6e-8a9f-54d0262d3ec6", "eventID": "5baf04bb-1d12-4be9-8406-d84026820ba9", "readOnly": false, "eventType": "AwsApiCall", "managementEvent": true, "eventCategory": "Management", "recipientAccountId": "123599847101"}
{"eventVersion": "1.08", "userIdentity": {"type": "IAMUser", "principalId": "AIDAYTOGP2RLEHRX5YWNV", "arn": "arn:aws:iam::123599847101:user/bhavin_cli", "accountId": "123599847101", "accessKeyId": "AKIAYTOGP2RLLAA6NJUM", "userName": "bhavin_cli"}, "eventTime": "2021-03-22T20:59:23Z", "eventSource": "iam.amazonaws.com", "eventName": "DeleteGroup", "awsRegion": "us-east-1", "sourceIPAddress": "132.1.11.19", "userAgent": "aws-cli/2.0.62 Python/3.9.2 Darwin/19.6.0 source/x86_64 command/iam.delete-group", "requestParameters": {"groupName": "AtomicRedTeam"}, "responseElements": null, "requestID": "87fb4135-9330-4122-a764-029624e5bc15", "eventID": "896d0ee4-5594-4470-b9dc-ad2681dfdf72", "readOnly": false, "eventType": "AwsApiCall", "managementEvent": true, "eventCategory": "Management", "recipientAccountId": "123599847101"}
{"eventVersion": "1.08", "userIdentity": {"type": "IAMUser", "principalId": "AIDAYTOGP2RLEHRX5YWNV", "arn": "arn:aws:iam::123599847101:user/bhavin_cli", "accountId": "123599847101", "accessKeyId": "AKIAYTOGP2RLLAA6NJUM", "userName": "bhavin_cli"}, "eventTime": "2021-03-22T20:50:53Z", "eventSource": "iam.amazonaws.com", "eventName": "DeleteGroup", "awsRegion": "us-east-1", "sourceIPAddress": "132.1.11.19", "userAgent": "aws-cli/2.0.62 Python/3.9.2 Darwin/19.6.0 source/x86_64 command/iam.delete-group", "requestParameters": {"groupName": "AtomicRedTeam"}, "responseElements": null, "requestID": "828263c9-70c3-47ac-a811-cc7cfac5573e", "eventID": "f9a24cdf-8df0-4064-813d-59ee10569287", "readOnly": false, "eventType": "AwsApiCall", "managementEvent": true, "eventCategory": "Management", "recipientAccountId": "123599847101"}
{"eventVersion": "1.08", "userIdentity": {"type": "IAMUser", "principalId": "AIDAYTOGP2RLEHRX5YWNV", "arn": "arn:aws:iam::123599847101:user/bhavin_cli", "accountId": "123599847101", "accessKeyId": "AKIAYTOGP2RLLAA6NJUM", "userName": "bhavin_cli"}, "eventTime": "2021-03-22T18:30:36Z", "eventSource": "iam.amazonaws.com", "eventName": "DeleteGroup", "awsRegion": "us-east-1", "sourceIPAddress": "132.1.11.19", "userAgent": "aws-cli/2.0.62 Python/3.9.2 Darwin/19.6.0 source/x86_64 command/iam.delete-group", "requestParameters": {"groupName": "AtomicRedTeam"}, "responseElements": null, "requestID": "e0dec226-aef3-4087-b13b-54667c385907", "eventID": "0c03bfe6-6328-485c-8eb9-d30e13f8df93", "readOnly": false, "eventType": "AwsApiCall", "managementEvent": true, "eventCategory": "Management", "recipientAccountId": "123599847101"}
{"eventVersion": "1.08", "userIdentity": {"type": "IAMUser", "principalId": "AIDAYTOGP2RLEHRX5YWNV", "arn": "arn:aws:iam::123599847101:user/bhavin_cli", "accountId": "123599847101", "accessKeyId": "AKIAYTOGP2RLLAA6NJUM", "userName": "bhavin_cli"}, "eventTime": "2021-03-17T23:47:34Z", "eventSource": "iam.amazonaws.com", "eventName": "DeleteGroup", "awsRegion": "us-east-1", "sourceIPAddress": "132.1.11.19", "userAgent": "aws-cli/2.0.62 Python/3.9.2 Darwin/19.6.0 source/x86_64 command/iam.delete-group", "requestParameters": {"groupName": "AtomicRedTeam"}, "responseElements": null, "requestID": "e30784bf-d817-461d-bc35-a731448c0c66", "eventID": "9f48a5dd-ddde-4c89-9baf-b472e320898e", "readOnly": false, "eventType": "AwsApiCall", "managementEvent": true, "eventCategory": "Management", "recipientAccountId": "123599847101"}
{"eventVersion": "1.08", "userIdentity": {"type": "IAMUser", "principalId": "AIDAYTOGP2RLEHRX5YWNV", "arn": "arn:aws:iam::123599847101:user/bhavin_cli", "accountId": "123599847101", "accessKeyId": "AKIAYTOGP2RLLAA6NJUM", "userName": "bhavin_cli"}, "eventTime": "2021-03-17T23:46:07Z", "eventSource": "iam.amazonaws.com", "eventName": "DeleteGroup", "awsRegion": "us-east-1", "sourceIPAddress": "132.1.11.19", "userAgent": "aws-cli/2.0.62 Python/3.9.2 Darwin/19.6.0 source/x86_64 command/iam.delete-group", "requestParameters": {"groupName": "AtomicRedTeam"}, "responseElements": null, "requestID": "aaeddb99-6be9-4740-a3f8-0ac4f53dcb15", "eventID": "8b797ba7-c0b0-43bb-be20-6c23699b91f1", "readOnly": false, "eventType": "AwsApiCall", "managementEvent": true, "eventCategory": "Management", "recipientAccountId": "123599847101"}
{"eventVersion": "1.08", "userIdentity": {"type": "IAMUser", "principalId": "AIDAYTOGP2RLEHRX5YWNV", "arn": "arn:aws:iam::123599847101:user/bhavin_cli", "accountId": "123599847101", "accessKeyId": "AKIAYTOGP2RLLAA6NJUM", "userName": "bhavin_cli"}, "eventTime": "2021-03-17T18:35:08Z", "eventSource": "iam.amazonaws.com", "eventName": "DeleteGroup", "awsRegion": "us-east-1", "sourceIPAddress": "132.1.11.19", "userAgent": "aws-cli/2.0.62 Python/3.9.2 Darwin/19.6.0 source/x86_64 command/iam.delete-group", "requestParameters": {"groupName": "AtomicRedTeam"}, "responseElements": null, "requestID": "13b74825-c03f-48d4-9f9f-259532edfa1a", "eventID": "e810ee8e-e9c6-4483-82b6-df05bb4440e4", "readOnly": false, "eventType": "AwsApiCall", "managementEvent": true, "eventCategory": "Management", "recipientAccountId": "123599847101"}
{"eventVersion": "1.08", "userIdentity": {"type": "IAMUser", "principalId": "AIDAYTOGP2RLEHRX5YWNV", "arn": "arn:aws:iam::123599847101:user/bhavin_cli", "accountId": "123599847101", "accessKeyId": "AKIAYTOGP2RLLAA6NJUM", "userName": "bhavin_cli"}, "eventTime": "2021-03-17T18:29:22Z", "eventSource": "iam.amazonaws.com", "eventName": "DeleteGroup", "awsRegion": "us-east-1", "sourceIPAddress": "132.1.11.19", "userAgent": "aws-cli/2.0.62 Python/3.9.2 Darwin/19.6.0 source/x86_64 command/iam.delete-group", "requestParameters": {"groupName": "AtomicRedTeam"}, "responseElements": null, "requestID": "5c73de4f-679a-4999-8231-0f99c976a688", "eventID": "eacae5e1-b068-479d-bcda-d409f78d70e7", "readOnly": false, "eventType": "AwsApiCall", "managementEvent": true, "eventCategory": "Management", "recipientAccountId": "123599847101"}
{"eventVersion": "1.08", "userIdentity": {"type": "IAMUser", "principalId": "AIDAYTOGP2RLEHRX5YWNV", "arn": "arn:aws:iam::123599847101:user/bhavin_cli", "accountId": "123599847101", "accessKeyId": "AKIAYTOGP2RLLAA6NJUM", "userName": "bhavin_cli"}, "eventTime": "2021-03-16T19:54:59Z", "eventSource": "iam.amazonaws.com", "eventName": "DeleteGroup", "awsRegion": "us-east-1", "sourceIPAddress": "132.1.11.19", "userAgent": "aws-cli/2.0.62 Python/3.9.2 Darwin/19.6.0 source/x86_64 command/iam.delete-group", "requestParameters": {"groupName": "AtomicRedTeam"}, "responseElements": null, "requestID": "8c39f6b7-ffb4-4502-84a9-79da472cc0d7", "eventID": "b4deaa05-028e-466a-8564-1c2ef233d3da", "readOnly": false, "eventType": "AwsApiCall", "managementEvent": true, "eventCategory": "Management", "recipientAccountId": "123599847101"}
{"eventVersion": "1.08", "userIdentity": {"type": "IAMUser", "principalId": "AIDAYTOGP2RLEHRX5YWNV", "arn": "arn:aws:iam::123599847101:user/bhavin_cli", "accountId": "123599847101", "accessKeyId": "AKIAYTOGP2RLLAA6NJUM", "userName": "bhavin_cli"}, "eventTime": "2021-03-16T16:52:25Z", "eventSource": "iam.amazonaws.com", "eventName": "DeleteGroup", "awsRegion": "us-east-1", "sourceIPAddress": "132.1.11.19", "userAgent": "aws-cli/2.0.62 Python/3.9.2 Darwin/19.6.0 source/x86_64 command/iam.delete-group", "requestParameters": {"groupName": "AtomicRedTeam"}, "responseElements": null, "requestID": "4e1e9f54-2087-4956-94b7-9a8971a2b1d7", "eventID": "a34783cb-4c9f-4834-a1dc-c23d073290e6", "readOnly": false, "eventType": "AwsApiCall", "managementEvent": true, "eventCategory": "Management", "recipientAccountId": "123599847101"}
{"eventVersion": "1.08", "userIdentity": {"type": "IAMUser", "principalId": "AIDAYTOGP2RLEHRX5YWNV", "arn": "arn:aws:iam::123599847101:user/bhavin_cli", "accountId": "123599847101", "accessKeyId": "AKIAYTOGP2RLLAA6NJUM", "userName": "bhavin_cli"}, "eventTime": "2021-03-16T15:56:18Z", "eventSource": "iam.amazonaws.com", "eventName": "DeleteGroup", "awsRegion": "us-east-1", "sourceIPAddress": "132.1.11.19", "userAgent": "aws-cli/2.0.62 Python/3.9.2 Darwin/19.6.0 source/x86_64 command/iam.delete-group", "requestParameters": {"groupName": "AtomicRedTeam"}, "responseElements": null, "requestID": "4e416935-558b-4a92-bcf5-b7a14916b98c", "eventID": "553020c5-9c98-4c8a-a64d-b0824f5a20c4", "readOnly": false, "eventType": "AwsApiCall", "managementEvent": true, "eventCategory": "Management", "recipientAccountId": "123599847101"}
{"eventVersion": "1.08", "userIdentity": {"type": "IAMUser", "principalId": "AIDAYTOGP2RLEHRX5YWNV", "arn": "arn:aws:iam::123599847101:user/bhavin_cli", "accountId": "123599847101", "accessKeyId": "AKIAYTOGP2RLLAA6NJUM", "userName": "bhavin_cli"}, "eventTime": "2021-03-16T15:38:44Z", "eventSource": "iam.amazonaws.com", "eventName": "DeleteGroup", "awsRegion": "us-east-1", "sourceIPAddress": "132.1.11.19", "userAgent": "aws-cli/2.0.62 Python/3.9.2 Darwin/19.6.0 source/x86_64 command/iam.delete-group", "requestParameters": {"groupName": "AtomicRedTeam"}, "responseElements": null, "requestID": "27def1ec-3da1-49bf-b614-7fd3b4cf4ff8", "eventID": "f839b5b7-707d-4d22-b423-67b4803cd88a", "readOnly": false, "eventType": "AwsApiCall", "managementEvent": true, "eventCategory": "Management", "recipientAccountId": "123599847101"}
{"eventVersion": "1.08", "userIdentity": {"type": "IAMUser", "principalId": "AIDAYTOGP2RLEHRX5YWNV", "arn": "arn:aws:iam::123599847101:user/bhavin_cli", "accountId": "123599847101", "accessKeyId": "AKIAYTOGP2RLLAA6NJUM", "userName": "bhavin_cli"}, "eventTime": "2021-03-10T23:54:23Z", "eventSource": "iam.amazonaws.com", "eventName": "DeleteGroup", "awsRegion": "us-east-1", "sourceIPAddress": "132.1.11.19", "userAgent": "aws-cli/2.0.62 Python/3.9.2 Darwin/19.6.0 source/x86_64 command/iam.delete-group", "requestParameters": {"groupName": "AtomicRedTeam"}, "responseElements": null, "requestID": "613fb8d6-74f2-4374-90a6-be094df4b830", "eventID": "bca2225c-838a-4187-8e00-374ef8b93313", "readOnly": false, "eventType": "AwsApiCall", "managementEvent": true, "eventCategory": "Management", "recipientAccountId": "123599847101"}
{"eventVersion": "1.08", "userIdentity": {"type": "IAMUser", "principalId": "AIDAYTOGP2RLEHRX5YWNV", "arn": "arn:aws:iam::123599847101:user/bhavin_cli", "accountId": "123599847101", "accessKeyId": "AKIAYTOGP2RLLAA6NJUM", "userName": "bhavin_cli"}, "eventTime": "2021-03-05T01:03:23Z", "eventSource": "iam.amazonaws.com", "eventName": "DeleteGroup", "awsRegion": "us-east-1", "sourceIPAddress": "132.1.11.19", "userAgent": "aws-cli/2.0.62 Python/3.9.2 Darwin/19.6.0 source/x86_64 command/iam.delete-group", "requestParameters": {"groupName": "AtomicRedTeam"}, "responseElements": null, "requestID": "e686b0f9-f44d-4e4c-913b-6f4a289a73a2", "eventID": "9ab5e769-4691-48fd-b907-99246af75208", "readOnly": false, "eventType": "AwsApiCall", "managementEvent": true, "eventCategory": "Management", "recipientAccountId": "123599847101"}
{"eventVersion": "1.08", "userIdentity": {"type": "IAMUser", "principalId": "AIDAYTOGP2RLEHRX5YWNV", "arn": "arn:aws:iam::123599847101:user/bhavin_cli", "accountId": "123599847101", "accessKeyId": "AKIAYTOGP2RLLAA6NJUM", "userName": "bhavin_cli"}, "eventTime": "2021-03-05T00:56:54Z", "eventSource": "iam.amazonaws.com", "eventName": "DeleteGroup", "awsRegion": "us-east-1", "sourceIPAddress": "132.1.11.19", "userAgent": "aws-cli/2.0.62 Python/3.9.2 Darwin/19.6.0 source/x86_64 command/iam.delete-group", "requestParameters": {"groupName": "AtomicRedTeam"}, "responseElements": null, "requestID": "7f5e65a2-a1d3-46f4-93aa-9a7c8f45a432", "eventID": "ae4215f6-a84f-4b3d-9dfe-b2e42adcd8db", "readOnly": false, "eventType": "AwsApiCall", "managementEvent": true, "eventCategory": "Management", "recipientAccountId": "123599847101"}
{"eventVersion": "1.08", "userIdentity": {"type": "IAMUser", "principalId": "AIDAYTOGP2RLEHRX5YWNV", "arn": "arn:aws:iam::123599847101:user/bhavin_cli", "accountId": "123599847101", "accessKeyId": "AKIAYTOGP2RLLAA6NJUM", "userName": "bhavin_cli"}, "eventTime": "2021-03-05T00:42:36Z", "eventSource": "iam.amazonaws.com", "eventName": "DeleteGroup", "awsRegion": "us-east-1", "sourceIPAddress": "132.1.11.19", "userAgent": "aws-cli/2.0.62 Python/3.9.2 Darwin/19.6.0 source/x86_64 command/iam.delete-group", "requestParameters": {"groupName": "AtomicRedTeam"}, "responseElements": null, "requestID": "4404d31c-73eb-4e18-98e0-965a161b6076", "eventID": "ed3eda10-e30e-4f68-b481-93167f9bf428", "readOnly": false, "eventType": "AwsApiCall", "managementEvent": true, "eventCategory": "Management", "recipientAccountId": "123599847101"}
{"eventVersion": "1.08", "userIdentity": {"type": "IAMUser", "principalId": "AIDAYTOGP2RLEHRX5YWNV", "arn": "arn:aws:iam::123599847101:user/bhavin_cli", "accountId": "123599847101", "accessKeyId": "AKIAYTOGP2RLLAA6NJUM", "userName": "bhavin_cli"}, "eventTime": "2021-03-02T21:19:06Z", "eventSource": "iam.amazonaws.com", "eventName": "DeleteGroup", "awsRegion": "us-east-1", "sourceIPAddress": "132.1.11.19", "userAgent": "aws-cli/2.0.62 Python/3.9.0 Darwin/19.6.0 source/x86_64 command/iam.delete-group", "requestParameters": {"groupName": "AtomicRedTeam"}, "responseElements": null, "requestID": "a76f0bc9-a321-4721-acd6-8bbd444c3434", "eventID": "08d81a29-57e4-4b1e-9a0e-64b4dbd523dd", "readOnly": false, "eventType": "AwsApiCall", "managementEvent": true, "eventCategory": "Management", "recipientAccountId": "123599847101"}
{"eventVersion": "1.08", "userIdentity": {"type": "IAMUser", "principalId": "AIDAYTOGP2RLEHRX5YWNV", "arn": "arn:aws:iam::123599847101:user/bhavin_cli", "accountId": "123599847101", "accessKeyId": "AKIAYTOGP2RLLAA6NJUM", "userName": "bhavin_cli"}, "eventTime": "2021-03-02T21:14:49Z", "eventSource": "iam.amazonaws.com", "eventName": "DeleteGroup", "awsRegion": "us-east-1", "sourceIPAddress": "132.1.11.19", "userAgent": "aws-cli/2.0.62 Python/3.9.0 Darwin/19.6.0 source/x86_64 command/iam.delete-group", "requestParameters": {"groupName": "AtomicRedTeam"}, "responseElements": null, "requestID": "f9ff911c-34fe-48e5-9f4c-51418971bde2", "eventID": "2bb47b93-4213-4e42-9458-12d9cfc50bd6", "readOnly": false, "eventType": "AwsApiCall", "managementEvent": true, "eventCategory": "Management", "recipientAccountId": "123599847101"}
{"eventVersion": "1.08", "userIdentity": {"type": "IAMUser", "principalId": "AIDAYTOGP2RLEHRX5YWNV", "arn": "arn:aws:iam::123599847101:user/bhavin_cli", "accountId": "123599847101", "accessKeyId": "AKIAYTOGP2RLLAA6NJUM", "userName": "bhavin_cli"}, "eventTime": "2021-03-02T21:12:36Z", "eventSource": "iam.amazonaws.com", "eventName": "DeleteGroup", "awsRegion": "us-east-1", "sourceIPAddress": "132.1.11.19", "userAgent": "aws-cli/2.0.62 Python/3.9.0 Darwin/19.6.0 source/x86_64 command/iam.delete-group", "requestParameters": {"groupName": "AtomicRedTeam"}, "responseElements": null, "requestID": "29d4a005-3ed4-4154-a64e-1e011041e914", "eventID": "6bab1e9a-081a-4ba6-b31b-7d53433be81c", "readOnly": false, "eventType": "AwsApiCall", "managementEvent": true, "eventCategory": "Management", "recipientAccountId": "123599847101"}
{"eventVersion": "1.08", "userIdentity": {"type": "IAMUser", "principalId": "AIDAYTOGP2RLEHRX5YWNV", "arn": "arn:aws:iam::123599847101:user/bhavin_cli", "accountId": "123599847101", "accessKeyId": "AKIAYTOGP2RLLAA6NJUM", "userName": "bhavin_cli"}, "eventTime": "2021-03-02T21:00:41Z", "eventSource": "iam.amazonaws.com", "eventName": "DeleteGroup", "awsRegion": "us-east-1", "sourceIPAddress": "132.1.11.19", "userAgent": "aws-cli/2.0.62 Python/3.9.0 Darwin/19.6.0 source/x86_64 command/iam.delete-group", "requestParameters": {"groupName": "AtomicRedTeam"}, "responseElements": null, "requestID": "fd3e92e8-e33f-4111-b7e0-1bc3b52a6916", "eventID": "26a8f39a-e4fd-4d53-a5c5-360a968b698c", "readOnly": false, "eventType": "AwsApiCall", "managementEvent": true, "eventCategory": "Management", "recipientAccountId": "123599847101"}
{"eventVersion": "1.08", "userIdentity": {"type": "IAMUser", "principalId": "AIDAYTOGP2RLEHRX5YWNV", "arn": "arn:aws:iam::123599847101:user/bhavin_cli", "accountId": "123599847101", "accessKeyId": "AKIAYTOGP2RLLAA6NJUM", "userName": "bhavin_cli"}, "eventTime": "2021-03-02T20:50:26Z", "eventSource": "iam.amazonaws.com", "eventName": "DeleteGroup", "awsRegion": "us-east-1", "sourceIPAddress": "132.1.11.19", "userAgent": "aws-cli/2.0.62 Python/3.9.0 Darwin/19.6.0 source/x86_64 command/iam.delete-group", "requestParameters": {"groupName": "AtomicRedTeam"}, "responseElements": null, "requestID": "6393323a-5586-40b4-b27c-67d57ce659a7", "eventID": "effd1cb8-e853-40ad-811b-74e29ae49aaa", "readOnly": false, "eventType": "AwsApiCall", "managementEvent": true, "eventCategory": "Management", "recipientAccountId": "123599847101"}
{"eventVersion": "1.08", "userIdentity": {"type": "IAMUser", "principalId": "AIDAYTOGP2RLEHRX5YWNV", "arn": "arn:aws:iam::123599847101:user/bhavin_cli", "accountId": "123599847101", "accessKeyId": "AKIAYTOGP2RLLAA6NJUM", "userName": "bhavin_cli"}, "eventTime": "2021-03-02T20:40:37Z", "eventSource": "iam.amazonaws.com", "eventName": "DeleteGroup", "awsRegion": "us-east-1", "sourceIPAddress": "132.1.11.19", "userAgent": "aws-cli/2.0.62 Python/3.9.0 Darwin/19.6.0 source/x86_64 command/iam.delete-group", "requestParameters": {"groupName": "AtomicRedTeam"}, "responseElements": null, "requestID": "4e21c55d-e04d-414e-b0f2-fe3326855fc3", "eventID": "578de8ed-515e-40f6-a90d-62e81d6076b3", "readOnly": false, "eventType": "AwsApiCall", "managementEvent": true, "eventCategory": "Management", "recipientAccountId": "123599847101"}
{"eventVersion": "1.08", "userIdentity": {"type": "IAMUser", "principalId": "AIDAYTOGP2RLEHRX5YWNV", "arn": "arn:aws:iam::123599847101:user/bhavin_cli", "accountId": "123599847101", "accessKeyId": "AKIAYTOGP2RLNWREA6ND", "userName": "bhavin_cli"}, "eventTime": "2021-02-26T02:27:15Z", "eventSource": "iam.amazonaws.com", "eventName": "DeleteGroup", "awsRegion": "us-east-1", "sourceIPAddress": "132.1.11.19", "userAgent": "aws-cli/2.0.62 Python/3.9.0 Darwin/19.6.0 source/x86_64 command/iam.delete-group", "requestParameters": {"groupName": "AtomicRedTeam"}, "responseElements": null, "requestID": "88bdceae-bbda-46b7-a591-6cbea681142f", "eventID": "9f9bc7e6-7a63-43bc-8c64-c085cc039a82", "readOnly": false, "eventType": "AwsApiCall", "managementEvent": true, "eventCategory": "Management", "recipientAccountId": "123599847101"}
{"eventVersion": "1.08", "userIdentity": {"type": "IAMUser", "principalId": "AIDAYTOGP2RLEHRX5YWNV", "arn": "arn:aws:iam::123599847101:user/bhavin_cli", "accountId": "123599847101", "accessKeyId": "AKIAYTOGP2RLNWREA6ND", "userName": "bhavin_cli"}, "eventTime": "2021-02-26T02:11:36Z", "eventSource": "iam.amazonaws.com", "eventName": "DeleteGroup", "awsRegion": "us-east-1", "sourceIPAddress": "132.1.11.19", "userAgent": "aws-cli/2.0.62 Python/3.9.0 Darwin/19.6.0 source/x86_64 command/iam.delete-group", "requestParameters": {"groupName": "AtomicRedTeam"}, "responseElements": null, "requestID": "7707beab-4833-4c55-a3ce-6fbd364356b3", "eventID": "670d3c21-066d-4297-b798-30d2787afae9", "readOnly": false, "eventType": "AwsApiCall", "managementEvent": true, "eventCategory": "Management", "recipientAccountId": "123599847101"}
{"eventVersion": "1.08", "userIdentity": {"type": "IAMUser", "principalId": "AIDAYTOGP2RLEHRX5YWNV", "arn": "arn:aws:iam::123599847101:user/bhavin_cli", "accountId": "123599847101", "accessKeyId": "AKIAYTOGP2RLNWREA6ND", "userName": "bhavin_cli"}, "eventTime": "2021-02-26T01:52:15Z", "eventSource": "iam.amazonaws.com", "eventName": "DeleteGroup", "awsRegion": "us-east-1", "sourceIPAddress": "132.1.11.19", "userAgent": "aws-cli/2.0.62 Python/3.9.0 Darwin/19.6.0 source/x86_64 command/iam.delete-group", "requestParameters": {"groupName": "AtomicRedTeam"}, "responseElements": null, "requestID": "d0f11c59-ebf4-4cd6-9df4-d0af1613abfd", "eventID": "73ef3580-daad-493f-9da6-1af9d8398eeb", "readOnly": false, "eventType": "AwsApiCall", "managementEvent": true, "eventCategory": "Management", "recipientAccountId": "123599847101"}
{"eventVersion": "1.08", "userIdentity": {"type": "IAMUser", "principalId": "AIDAYTOGP2RLEHRX5YWNV", "arn": "arn:aws:iam::123599847101:user/bhavin_cli", "accountId": "123599847101", "accessKeyId": "AKIAYTOGP2RLNWREA6ND", "userName": "bhavin_cli"}, "eventTime": "2021-02-26T01:48:51Z", "eventSource": "iam.amazonaws.com", "eventName": "DeleteGroup", "awsRegion": "us-east-1", "sourceIPAddress": "132.1.11.19", "userAgent": "aws-cli/2.0.62 Python/3.9.0 Darwin/19.6.0 source/x86_64 command/iam.delete-group", "requestParameters": {"groupName": "AtomicRedTeam"}, "responseElements": null, "requestID": "443a72b1-6089-4939-8e25-1169dc6388de", "eventID": "97e9a790-51bc-45ff-868d-587296b477dd", "readOnly": false, "eventType": "AwsApiCall", "managementEvent": true, "eventCategory": "Management", "recipientAccountId": "123599847101"}
{"eventVersion": "1.08", "userIdentity": {"type": "IAMUser", "principalId": "AIDAYTOGP2RLEHRX5YWNV", "arn": "arn:aws:iam::123599847101:user/bhavin_cli", "accountId": "123599847101", "accessKeyId": "AKIAYTOGP2RLNWREA6ND", "userName": "bhavin_cli"}, "eventTime": "2021-02-26T01:38:00Z", "eventSource": "iam.amazonaws.com", "eventName": "DeleteGroup", "awsRegion": "us-east-1", "sourceIPAddress": "132.1.11.19", "userAgent": "aws-cli/2.0.62 Python/3.9.0 Darwin/19.6.0 source/x86_64 command/iam.delete-group", "requestParameters": {"groupName": "AtomicRedTeam"}, "responseElements": null, "requestID": "91e33526-bb66-433b-afd6-860634e16efb", "eventID": "7d4b2625-c180-431a-b2c0-b556bd916540", "readOnly": false, "eventType": "AwsApiCall", "managementEvent": true, "eventCategory": "Management", "recipientAccountId": "123599847101"}
{"eventVersion": "1.08", "userIdentity": {"type": "IAMUser", "principalId": "AIDAYTOGP2RLEHRX5YWNV", "arn": "arn:aws:iam::123599847101:user/bhavin_cli", "accountId": "123599847101", "accessKeyId": "AKIAYTOGP2RLNWREA6ND", "userName": "bhavin_cli"}, "eventTime": "2021-02-26T01:35:22Z", "eventSource": "iam.amazonaws.com", "eventName": "DeleteGroup", "awsRegion": "us-east-1", "sourceIPAddress": "132.1.11.19", "userAgent": "aws-cli/2.0.62 Python/3.9.0 Darwin/19.6.0 source/x86_64 command/iam.delete-group", "requestParameters": {"groupName": "AtomicRedTeam"}, "responseElements": null, "requestID": "8a632404-8277-4e4d-9e6d-967e46124c25", "eventID": "6a034ec8-67fa-4dd8-b3e3-68e939d72012", "readOnly": false, "eventType": "AwsApiCall", "managementEvent": true, "eventCategory": "Management", "recipientAccountId": "123599847101"}
{"eventVersion": "1.08", "userIdentity": {"type": "IAMUser", "principalId": "AIDAYTOGP2RLEHRX5YWNV", "arn": "arn:aws:iam::123599847101:user/bhavin_cli", "accountId": "123599847101", "accessKeyId": "AKIAYTOGP2RLNWREA6ND", "userName": "bhavin_cli"}, "eventTime": "2021-02-26T01:32:19Z", "eventSource": "iam.amazonaws.com", "eventName": "DeleteGroup", "awsRegion": "us-east-1", "sourceIPAddress": "132.1.11.19", "userAgent": "aws-cli/2.0.62 Python/3.9.0 Darwin/19.6.0 source/x86_64 command/iam.delete-group", "requestParameters": {"groupName": "AtomicRedTeam"}, "responseElements": null, "requestID": "0fc18d40-e23f-4beb-9737-964e4050c407", "eventID": "0f8b6cc7-ff16-4e75-a420-73113632fff4", "readOnly": false, "eventType": "AwsApiCall", "managementEvent": true, "eventCategory": "Management", "recipientAccountId": "123599847101"}
{"eventVersion": "1.08", "userIdentity": {"type": "IAMUser", "principalId": "AIDAYTOGP2RLEHRX5YWNV", "arn": "arn:aws:iam::123599847101:user/bhavin_cli", "accountId": "123599847101", "accessKeyId": "AKIAYTOGP2RLNWREA6ND", "userName": "bhavin_cli"}, "eventTime": "2021-02-26T01:26:22Z", "eventSource": "iam.amazonaws.com", "eventName": "DeleteGroup", "awsRegion": "us-east-1", "sourceIPAddress": "132.1.11.19", "userAgent": "aws-cli/2.0.62 Python/3.9.0 Darwin/19.6.0 source/x86_64 command/iam.delete-group", "requestParameters": {"groupName": "AtomicRedTeam"}, "responseElements": null, "requestID": "886d9d07-2ab4-47b5-a4dc-4d5f467f24fb", "eventID": "d49d41b8-e648-485d-9510-0bbef24111cd", "readOnly": false, "eventType": "AwsApiCall", "managementEvent": true, "eventCategory": "Management", "recipientAccountId": "123599847101"}
{"eventVersion": "1.08", "userIdentity": {"type": "IAMUser", "principalId": "AIDAYTOGP2RLEHRX5YWNV", "arn": "arn:aws:iam::123599847101:user/bhavin_cli", "accountId": "123599847101", "accessKeyId": "AKIAYTOGP2RLNWREA6ND", "userName": "bhavin_cli"}, "eventTime": "2021-02-26T01:21:43Z", "eventSource": "iam.amazonaws.com", "eventName": "DeleteGroup", "awsRegion": "us-east-1", "sourceIPAddress": "132.1.11.19", "userAgent": "aws-cli/2.0.62 Python/3.9.0 Darwin/19.6.0 source/x86_64 command/iam.delete-group", "requestParameters": {"groupName": "AtomicRedTeam"}, "responseElements": null, "requestID": "ec058dea-9f64-4cfe-802b-afe885385216", "eventID": "f0038737-e87a-4f29-9a6e-27c3acdbaf1e", "readOnly": false, "eventType": "AwsApiCall", "managementEvent": true, "eventCategory": "Management", "recipientAccountId": "123599847101"}
{"eventVersion": "1.08", "userIdentity": {"type": "IAMUser", "principalId": "AIDAYTOGP2RLEHRX5YWNV", "arn": "arn:aws:iam::123599847101:user/bhavin_cli", "accountId": "123599847101", "accessKeyId": "AKIAYTOGP2RLNWREA6ND", "userName": "bhavin_cli"}, "eventTime": "2021-02-26T01:16:25Z", "eventSource": "iam.amazonaws.com", "eventName": "DeleteGroup", "awsRegion": "us-east-1", "sourceIPAddress": "132.1.11.19", "userAgent": "aws-cli/2.0.62 Python/3.9.0 Darwin/19.6.0 source/x86_64 command/iam.delete-group", "requestParameters": {"groupName": "AtomicRedTeam"}, "responseElements": null, "requestID": "af12c3b3-ba1a-487e-826a-16555fc1d389", "eventID": "80edcbdc-a3b3-4292-9ce9-2549b761a8e5", "readOnly": false, "eventType": "AwsApiCall", "managementEvent": true, "eventCategory": "Management", "recipientAccountId": "123599847101"}
{"eventVersion": "1.08", "userIdentity": {"type": "IAMUser", "principalId": "AIDAYTOGP2RLEHRX5YWNV", "arn": "arn:aws:iam::123599847101:user/bhavin_cli", "accountId": "123599847101", "accessKeyId": "AKIAYTOGP2RLNWREA6ND", "userName": "bhavin_cli"}, "eventTime": "2021-02-26T01:10:04Z", "eventSource": "iam.amazonaws.com", "eventName": "DeleteGroup", "awsRegion": "us-east-1", "sourceIPAddress": "132.1.11.19", "userAgent": "aws-cli/2.0.62 Python/3.9.0 Darwin/19.6.0 source/x86_64 command/iam.delete-group", "requestParameters": {"groupName": "AtomicRedTeam"}, "responseElements": null, "requestID": "384263a3-c572-4b39-aabd-eb990e9a1dda", "eventID": "04623c44-221e-4f84-9d85-b8c4e32339c9", "readOnly": false, "eventType": "AwsApiCall", "managementEvent": true, "eventCategory": "Management", "recipientAccountId": "123599847101"}
{"eventVersion": "1.08", "userIdentity": {"type": "IAMUser", "principalId": "AIDAYTOGP2RLEHRX5YWNV", "arn": "arn:aws:iam::123599847101:user/bhavin_cli", "accountId": "123599847101", "accessKeyId": "AKIAYTOGP2RLNWREA6ND", "userName": "bhavin_cli"}, "eventTime": "2021-02-26T01:07:38Z", "eventSource": "iam.amazonaws.com", "eventName": "DeleteGroup", "awsRegion": "us-east-1", "sourceIPAddress": "132.1.11.19", "userAgent": "aws-cli/2.0.62 Python/3.9.0 Darwin/19.6.0 source/x86_64 command/iam.delete-group", "requestParameters": {"groupName": "AtomicRedTeam"}, "responseElements": null, "requestID": "bd127ee1-18c2-47bc-91b9-c79725722afd", "eventID": "b1e81fd3-8098-46b0-a247-428725c1ee00", "readOnly": false, "eventType": "AwsApiCall", "managementEvent": true, "eventCategory": "Management", "recipientAccountId": "123599847101"}
{"eventVersion": "1.08", "userIdentity": {"type": "IAMUser", "principalId": "AIDAYTOGP2RLEHRX5YWNV", "arn": "arn:aws:iam::123599847101:user/bhavin_cli", "accountId": "123599847101", "accessKeyId": "AKIAYTOGP2RLNWREA6ND", "userName": "bhavin_cli"}, "eventTime": "2021-02-26T01:05:10Z", "eventSource": "iam.amazonaws.com", "eventName": "DeleteGroup", "awsRegion": "us-east-1", "sourceIPAddress": "132.1.11.19", "userAgent": "aws-cli/2.0.62 Python/3.9.0 Darwin/19.6.0 source/x86_64 command/iam.delete-group", "requestParameters": {"groupName": "AtomicRedTeam"}, "responseElements": null, "requestID": "017a1676-a4ce-48a3-9f2b-cef803eac9d7", "eventID": "cb5c7b54-2264-48f6-b907-310be0df857b", "readOnly": false, "eventType": "AwsApiCall", "managementEvent": true, "eventCategory": "Management", "recipientAccountId": "123599847101"}
{"eventVersion": "1.08", "userIdentity": {"type": "IAMUser", "principalId": "AIDAYTOGP2RLEHRX5YWNV", "arn": "arn:aws:iam::123599847101:user/bhavin_cli", "accountId": "123599847101", "accessKeyId": "AKIAYTOGP2RLNWREA6ND", "userName": "bhavin_cli"}, "eventTime": "2021-02-26T01:00:51Z", "eventSource": "iam.amazonaws.com", "eventName": "DeleteGroup", "awsRegion": "us-east-1", "sourceIPAddress": "132.1.11.19", "userAgent": "aws-cli/2.0.62 Python/3.9.0 Darwin/19.6.0 source/x86_64 command/iam.delete-group", "requestParameters": {"groupName": "AtomicRedTeam"}, "responseElements": null, "requestID": "edc9d4ee-31b4-4bf7-8a90-b416114e1473", "eventID": "ad1606cc-1eec-4da3-b9af-e3c37723b264", "readOnly": false, "eventType": "AwsApiCall", "managementEvent": true, "eventCategory": "Management", "recipientAccountId": "123599847101"}
{"eventVersion": "1.08", "userIdentity": {"type": "IAMUser", "principalId": "AIDAYTOGP2RLEHRX5YWNV", "arn": "arn:aws:iam::123599847101:user/bhavin_cli", "accountId": "123599847101", "accessKeyId": "AKIAYTOGP2RLNWREA6ND", "userName": "bhavin_cli"}, "eventTime": "2021-02-26T00:54:53Z", "eventSource": "iam.amazonaws.com", "eventName": "DeleteGroup", "awsRegion": "us-east-1", "sourceIPAddress": "132.1.11.19", "userAgent": "aws-cli/2.0.62 Python/3.9.0 Darwin/19.6.0 source/x86_64 command/iam.delete-group", "requestParameters": {"groupName": "AtomicRedTeam"}, "responseElements": null, "requestID": "ba1550bc-540b-4684-a60a-a3f277a690b1", "eventID": "c3023bb7-8878-4374-8922-1d533d49cba1", "readOnly": false, "eventType": "AwsApiCall", "managementEvent": true, "eventCategory": "Management", "recipientAccountId": "123599847101"}
{"eventVersion": "1.08", "userIdentity": {"type": "IAMUser", "principalId": "AIDAYTOGP2RLEHRX5YWNV", "arn": "arn:aws:iam::123599847101:user/bhavin_cli", "accountId": "123599847101", "accessKeyId": "AKIAYTOGP2RLNWREA6ND", "userName": "bhavin_cli"}, "eventTime": "2021-02-25T22:09:09Z", "eventSource": "iam.amazonaws.com", "eventName": "DeleteGroup", "awsRegion": "us-east-1", "sourceIPAddress": "132.1.11.19", "userAgent": "aws-cli/2.0.62 Python/3.9.0 Darwin/19.6.0 source/x86_64 command/iam.delete-group", "requestParameters": {"groupName": "AtomicRedTeam"}, "responseElements": null, "requestID": "ea3c2cc4-6e70-44ea-a575-ea6b9388888f", "eventID": "6503103e-2c57-4ace-be1f-eed73a0b0ac7", "readOnly": false, "eventType": "AwsApiCall", "managementEvent": true, "eventCategory": "Management", "recipientAccountId": "123599847101"}
{"eventVersion": "1.08", "userIdentity": {"type": "IAMUser", "principalId": "AIDAYTOGP2RLEHRX5YWNV", "arn": "arn:aws:iam::123599847101:user/bhavin_cli", "accountId": "123599847101", "accessKeyId": "AKIAYTOGP2RLNWREA6ND", "userName": "bhavin_cli"}, "eventTime": "2021-02-25T21:37:17Z", "eventSource": "iam.amazonaws.com", "eventName": "DeleteGroup", "awsRegion": "us-east-1", "sourceIPAddress": "132.1.11.19", "userAgent": "aws-cli/2.0.62 Python/3.9.0 Darwin/19.6.0 source/x86_64 command/iam.delete-group", "requestParameters": {"groupName": "AtomicRedTeam"}, "responseElements": null, "requestID": "8be4a56d-fe6f-4d99-93ca-9f72fd08afba", "eventID": "4faeaef5-35aa-4d05-8409-c2f41ff97b17", "readOnly": false, "eventType": "AwsApiCall", "managementEvent": true, "eventCategory": "Management", "recipientAccountId": "123599847101"}
{"eventVersion": "1.08", "userIdentity": {"type": "AssumedRole", "principalId": "AROAIJIESMXKGCJRCTPR6:bpatel@contoso.local", "arn": "arn:aws:sts::123599847101:assumed-role/okta_adm_role/bpatel@contoso.local", "accountId": "123599847101", "accessKeyId": "ASIAYTOGP2RLCS2JHFS2", "sessionContext": {"sessionIssuer": {"type": "Role", "principalId": "AROAIJIESMXKGCJRCTPR6", "arn": "arn:aws:iam::123599847101:role/okta_adm_role", "accountId": "123599847101", "userName": "okta_adm_role"}, "webIdFederationData": {}, "attributes": {"mfaAuthenticated": "false", "creationDate": "2021-02-25T00:03:26Z"}}}, "eventTime": "2021-02-25T00:56:58Z", "eventSource": "iam.amazonaws.com", "eventName": "DeleteGroup", "awsRegion": "us-east-1", "sourceIPAddress": "132.1.11.19", "userAgent": "console.amazonaws.com", "requestParameters": {"groupName": "AtomicRedTeam"}, "responseElements": null, "requestID": "b6271d65-19c2-4902-80a3-4ed68bf1563d", "eventID": "d1bc2d7d-7001-4895-922d-2dd24e69d7fc", "readOnly": false, "eventType": "AwsApiCall", "managementEvent": true, "eventCategory": "Management", "recipientAccountId": "123599847101"}
{"eventVersion": "1.08", "userIdentity": {"type": "IAMUser", "principalId": "AIDAYTOGP2RLEHRX5YWNV", "arn": "arn:aws:iam::123599847101:user/bhavin_cli", "accountId": "123599847101", "accessKeyId": "AKIAYTOGP2RLNWREA6ND", "userName": "bhavin_cli"}, "eventTime": "2021-02-25T00:38:47Z", "eventSource": "iam.amazonaws.com", "eventName": "DeleteGroup", "awsRegion": "us-east-1", "sourceIPAddress": "132.1.11.19", "userAgent": "aws-cli/2.0.62 Python/3.9.0 Darwin/19.6.0 source/x86_64 command/iam.delete-group", "requestParameters": {"groupName": "AtomicRedTeam"}, "responseElements": null, "requestID": "5bb894ce-778e-462e-9be3-d38de94da946", "eventID": "f0aae7a7-27a5-41a8-979a-f3133981d73f", "readOnly": false, "eventType": "AwsApiCall", "managementEvent": true, "eventCategory": "Management", "recipientAccountId": "123599847101"}
{"eventVersion": "1.08", "userIdentity": {"type": "AssumedRole", "principalId": "AROAIJIESMXKGCJRCTPR6:bpatel@contoso.local", "arn": "arn:aws:sts::123599847101:assumed-role/okta_adm_role/bpatel@contoso.local", "accountId": "123599847101", "accessKeyId": "ASIAYTOGP2RLCS2JHFS2", "sessionContext": {"sessionIssuer": {"type": "Role", "principalId": "AROAIJIESMXKGCJRCTPR6", "arn": "arn:aws:iam::123599847101:role/okta_adm_role", "accountId": "123599847101", "userName": "okta_adm_role"}, "webIdFederationData": {}, "attributes": {"mfaAuthenticated": "false", "creationDate": "2021-02-25T00:03:26Z"}}}, "eventTime": "2021-02-25T00:30:51Z", "eventSource": "iam.amazonaws.com", "eventName": "DeleteGroup", "awsRegion": "us-east-1", "sourceIPAddress": "132.1.11.19", "userAgent": "console.amazonaws.com", "requestParameters": {"groupName": "AtomicRedTeam"}, "responseElements": null, "requestID": "10fe0163-73d6-41b8-bf64-f7158210191a", "eventID": "0645245d-6eef-4355-a635-f92d22198ca5", "readOnly": false, "eventType": "AwsApiCall", "managementEvent": true, "eventCategory": "Management", "recipientAccountId": "123599847101"}
{"eventVersion": "1.08", "userIdentity": {"type": "IAMUser", "principalId": "AIDAYTOGP2RLEHRX5YWNV", "arn": "arn:aws:iam::123599847101:user/bhavin_cli", "accountId": "123599847101", "accessKeyId": "AKIAYTOGP2RLNWREA6ND", "userName": "bhavin_cli"}, "eventTime": "2021-02-25T00:08:46Z", "eventSource": "iam.amazonaws.com", "eventName": "DeleteGroup", "awsRegion": "us-east-1", "sourceIPAddress": "132.1.11.19", "userAgent": "aws-cli/2.0.62 Python/3.9.0 Darwin/19.6.0 source/x86_64 command/iam.delete-group", "requestParameters": {"groupName": "AtomicRedTeam"}, "responseElements": null, "requestID": "bfaadc84-1e49-4acd-9039-6a2cb83ecca4", "eventID": "2dcb7b8b-7bcb-4359-a28d-226973829354", "readOnly": false, "eventType": "AwsApiCall", "managementEvent": true, "eventCategory": "Management", "recipientAccountId": "123599847101"}
{"eventVersion": "1.08", "userIdentity": {"type": "IAMUser", "principalId": "AIDAYTOGP2RLEHRX5YWNV", "arn": "arn:aws:iam::123599847101:user/bhavin_cli", "accountId": "123599847101", "accessKeyId": "AKIAYTOGP2RLNWREA6ND", "userName": "bhavin_cli"}, "eventTime": "2021-02-25T00:03:57Z", "eventSource": "iam.amazonaws.com", "eventName": "DeleteGroup", "awsRegion": "us-east-1", "sourceIPAddress": "132.1.11.19", "userAgent": "aws-cli/2.0.62 Python/3.9.0 Darwin/19.6.0 source/x86_64 command/iam.delete-group", "requestParameters": {"groupName": "AtomicRedTeam"}, "responseElements": null, "requestID": "f97b2130-6b78-425f-b5b7-b4f76a0350bc", "eventID": "2637f03f-5985-4e14-b431-ed6603110043", "readOnly": false, "eventType": "AwsApiCall", "managementEvent": true, "eventCategory": "Management", "recipientAccountId": "123599847101"}
{"eventVersion": "1.08", "userIdentity": {"type": "IAMUser", "principalId": "AIDAYTOGP2RLEHRX5YWNV", "arn": "arn:aws:iam::123599847101:user/bhavin_cli", "accountId": "123599847101", "accessKeyId": "AKIAYTOGP2RLNWREA6ND", "userName": "bhavin_cli"}, "eventTime": "2021-02-24T23:24:55Z", "eventSource": "iam.amazonaws.com", "eventName": "DeleteGroup", "awsRegion": "us-east-1", "sourceIPAddress": "132.1.11.19", "userAgent": "aws-cli/2.0.62 Python/3.9.0 Darwin/19.6.0 source/x86_64 command/iam.delete-group", "requestParameters": {"groupName": "AtomicRedTeam"}, "responseElements": null, "requestID": "854368c7-37da-4da9-b690-d6627a8ee2dc", "eventID": "253f0a83-b0cc-409f-bfda-03a03a26c49e", "readOnly": false, "eventType": "AwsApiCall", "managementEvent": true, "eventCategory": "Management", "recipientAccountId": "123599847101"}
{"eventVersion": "1.08", "userIdentity": {"type": "IAMUser", "principalId": "AIDAYTOGP2RLEHRX5YWNV", "arn": "arn:aws:iam::123599847101:user/bhavin_cli", "accountId": "123599847101", "accessKeyId": "AKIAYTOGP2RLNWREA6ND", "userName": "bhavin_cli"}, "eventTime": "2021-02-24T22:59:01Z", "eventSource": "iam.amazonaws.com", "eventName": "DeleteGroup", "awsRegion": "us-east-1", "sourceIPAddress": "132.1.11.19", "userAgent": "aws-cli/2.0.62 Python/3.9.0 Darwin/19.6.0 source/x86_64 command/iam.delete-group", "requestParameters": {"groupName": "AtomicRedTeam"}, "responseElements": null, "requestID": "9eaedaac-33d1-4f01-9f77-07a159c54ffb", "eventID": "f2a7428f-69ef-43af-8574-8e3dfecc1018", "readOnly": false, "eventType": "AwsApiCall", "managementEvent": true, "eventCategory": "Management", "recipientAccountId": "123599847101"}
{"eventVersion": "1.08", "userIdentity": {"type": "IAMUser", "principalId": "AIDAYTOGP2RLEHRX5YWNV", "arn": "arn:aws:iam::123599847101:user/bhavin_cli", "accountId": "123599847101", "accessKeyId": "AKIAYTOGP2RLNWREA6ND", "userName": "bhavin_cli"}, "eventTime": "2021-02-24T22:50:50Z", "eventSource": "iam.amazonaws.com", "eventName": "DeleteGroup", "awsRegion": "us-east-1", "sourceIPAddress": "132.1.11.19", "userAgent": "aws-cli/2.0.62 Python/3.9.0 Darwin/19.6.0 source/x86_64 command/iam.delete-group", "requestParameters": {"groupName": "AtomicRedTeam"}, "responseElements": null, "requestID": "2befc24b-f975-4c81-bc78-2d04c5ef6d16", "eventID": "89707ef6-afff-4ab3-b91b-1b0eb88e58fb", "readOnly": false, "eventType": "AwsApiCall", "managementEvent": true, "eventCategory": "Management", "recipientAccountId": "123599847101"}
{"eventVersion": "1.08", "userIdentity": {"type": "IAMUser", "principalId": "AIDAYTOGP2RLEHRX5YWNV", "arn": "arn:aws:iam::123599847101:user/bhavin_cli", "accountId": "123599847101", "accessKeyId": "AKIAYTOGP2RLNWREA6ND", "userName": "bhavin_cli"}, "eventTime": "2021-02-24T22:39:27Z", "eventSource": "iam.amazonaws.com", "eventName": "DeleteGroup", "awsRegion": "us-east-1", "sourceIPAddress": "132.1.11.19", "userAgent": "aws-cli/2.0.62 Python/3.9.0 Darwin/19.6.0 source/x86_64 command/iam.delete-group", "requestParameters": {"groupName": "AtomicRedTeam"}, "responseElements": null, "requestID": "9602bd8f-7c91-42ba-9bad-9823739246ef", "eventID": "049fee7e-90fb-442f-8bc6-3ef564b742aa", "readOnly": false, "eventType": "AwsApiCall", "managementEvent": true, "eventCategory": "Management", "recipientAccountId": "123599847101"}
{"eventVersion": "1.08", "userIdentity": {"type": "IAMUser", "principalId": "AIDAYTOGP2RLEHRX5YWNV", "arn": "arn:aws:iam::123599847101:user/bhavin_cli", "accountId": "123599847101", "accessKeyId": "AKIAYTOGP2RLNWREA6ND", "userName": "bhavin_cli"}, "eventTime": "2021-02-24T22:38:09Z", "eventSource": "iam.amazonaws.com", "eventName": "DeleteGroup", "awsRegion": "us-east-1", "sourceIPAddress": "132.1.11.19", "userAgent": "aws-cli/2.0.62 Python/3.9.0 Darwin/19.6.0 source/x86_64 command/iam.delete-group", "requestParameters": {"groupName": "AtomicRedTeam"}, "responseElements": null, "requestID": "777d1971-c118-4576-b19d-8349782e3ae0", "eventID": "4e753e12-d422-4c01-90bb-e71c2351d7af", "readOnly": false, "eventType": "AwsApiCall", "managementEvent": true, "eventCategory": "Management", "recipientAccountId": "123599847101"}
{"eventVersion": "1.08", "userIdentity": {"type": "IAMUser", "principalId": "AIDAYTOGP2RLEHRX5YWNV", "arn": "arn:aws:iam::123599847101:user/bhavin_cli", "accountId": "123599847101", "accessKeyId": "AKIAYTOGP2RLNWREA6ND", "userName": "bhavin_cli"}, "eventTime": "2021-02-24T22:37:00Z", "eventSource": "iam.amazonaws.com", "eventName": "DeleteGroup", "awsRegion": "us-east-1", "sourceIPAddress": "132.1.11.19", "userAgent": "aws-cli/2.0.62 Python/3.9.0 Darwin/19.6.0 source/x86_64 command/iam.delete-group", "requestParameters": {"groupName": "AtomicRedTeam"}, "responseElements": null, "requestID": "cf01bd91-956b-420f-b52b-a97212a32554", "eventID": "94e4ff2a-fe1e-4457-bd21-15af7b54c445", "readOnly": false, "eventType": "AwsApiCall", "managementEvent": true, "eventCategory": "Management", "recipientAccountId": "123599847101"}
{"eventVersion": "1.08", "userIdentity": {"type": "IAMUser", "principalId": "AIDAYTOGP2RLEHRX5YWNV", "arn": "arn:aws:iam::123599847101:user/bhavin_cli", "accountId": "123599847101", "accessKeyId": "AKIAYTOGP2RLNWREA6ND", "userName": "bhavin_cli"}, "eventTime": "2021-02-24T22:35:39Z", "eventSource": "iam.amazonaws.com", "eventName": "DeleteGroup", "awsRegion": "us-east-1", "sourceIPAddress": "132.1.11.19", "userAgent": "aws-cli/2.0.62 Python/3.9.0 Darwin/19.6.0 source/x86_64 command/iam.delete-group", "requestParameters": {"groupName": "AtomicRedTeam"}, "responseElements": null, "requestID": "29e8eaa0-70c2-44d1-a3e4-974e19135356", "eventID": "f5cc7c1f-10f4-4756-a13f-47bdcaffc4bc", "readOnly": false, "eventType": "AwsApiCall", "managementEvent": true, "eventCategory": "Management", "recipientAccountId": "123599847101"}
{"eventVersion": "1.08", "userIdentity": {"type": "IAMUser", "principalId": "AIDAYTOGP2RLEHRX5YWNV", "arn": "arn:aws:iam::123599847101:user/bhavin_cli", "accountId": "123599847101", "accessKeyId": "AKIAYTOGP2RLNWREA6ND", "userName": "bhavin_cli"}, "eventTime": "2021-02-24T22:25:17Z", "eventSource": "iam.amazonaws.com", "eventName": "DeleteGroup", "awsRegion": "us-east-1", "sourceIPAddress": "132.1.11.19", "userAgent": "aws-cli/2.0.62 Python/3.9.0 Darwin/19.6.0 source/x86_64 command/iam.delete-group", "requestParameters": {"groupName": "AtomicRedTeam"}, "responseElements": null, "requestID": "12dea4e8-42fd-471f-a630-8507d699722b", "eventID": "4ed265d0-69d4-4733-9340-c6840fbeb51a", "readOnly": false, "eventType": "AwsApiCall", "managementEvent": true, "eventCategory": "Management", "recipientAccountId": "123599847101"}
{"eventVersion": "1.08", "userIdentity": {"type": "IAMUser", "principalId": "AIDAYTOGP2RLEHRX5YWNV", "arn": "arn:aws:iam::123599847101:user/bhavin_cli", "accountId": "123599847101", "accessKeyId": "AKIAYTOGP2RLNWREA6ND", "userName": "bhavin_cli"}, "eventTime": "2021-02-24T22:23:24Z", "eventSource": "iam.amazonaws.com", "eventName": "DeleteGroup", "awsRegion": "us-east-1", "sourceIPAddress": "132.1.11.19", "userAgent": "aws-cli/2.0.62 Python/3.9.0 Darwin/19.6.0 source/x86_64 command/iam.delete-group", "requestParameters": {"groupName": "AtomicRedTeam"}, "responseElements": null, "requestID": "afb204b3-40fc-4f44-92c5-5ef4ee8f14a3", "eventID": "c22fd80e-f182-41c9-84ce-ef774d0a25ef", "readOnly": false, "eventType": "AwsApiCall", "managementEvent": true, "eventCategory": "Management", "recipientAccountId": "123599847101"}
{"eventVersion": "1.08", "userIdentity": {"type": "IAMUser", "principalId": "AIDAYTOGP2RLEHRX5YWNV", "arn": "arn:aws:iam::123599847101:user/bhavin_cli", "accountId": "123599847101", "accessKeyId": "AKIAYTOGP2RLNWREA6ND", "userName": "bhavin_cli"}, "eventTime": "2021-02-24T22:10:20Z", "eventSource": "iam.amazonaws.com", "eventName": "DeleteGroup", "awsRegion": "us-east-1", "sourceIPAddress": "132.1.11.19", "userAgent": "aws-cli/2.0.62 Python/3.9.0 Darwin/19.6.0 source/x86_64 command/iam.delete-group", "requestParameters": {"groupName": "AtomicRedTeam"}, "responseElements": null, "requestID": "a7ce52f6-7c66-488c-9a52-641dc0ca8f6c", "eventID": "e31bbdcc-ca4b-4a23-a06e-826fd1c1c2eb", "readOnly": false, "eventType": "AwsApiCall", "managementEvent": true, "eventCategory": "Management", "recipientAccountId": "123599847101"}
{"eventVersion": "1.08", "userIdentity": {"type": "IAMUser", "principalId": "AIDAYTOGP2RLEHRX5YWNV", "arn": "arn:aws:iam::123599847101:user/bhavin_cli", "accountId": "123599847101", "accessKeyId": "AKIAYTOGP2RLNWREA6ND", "userName": "bhavin_cli"}, "eventTime": "2021-02-24T22:09:32Z", "eventSource": "iam.amazonaws.com", "eventName": "DeleteGroup", "awsRegion": "us-east-1", "sourceIPAddress": "132.1.11.19", "userAgent": "aws-cli/2.0.62 Python/3.9.0 Darwin/19.6.0 source/x86_64 command/iam.delete-group", "requestParameters": {"groupName": "AtomicRedTeam"}, "responseElements": null, "requestID": "2bbd3159-17fd-460c-9845-ca6cca5b8ec6", "eventID": "29ef2abd-7bbb-42b2-ad24-3ca4bd68edb8", "readOnly": false, "eventType": "AwsApiCall", "managementEvent": true, "eventCategory": "Management", "recipientAccountId": "123599847101"}
{"eventVersion": "1.08", "userIdentity": {"type": "IAMUser", "principalId": "AIDAYTOGP2RLEHRX5YWNV", "arn": "arn:aws:iam::123599847101:user/bhavin_cli", "accountId": "123599847101", "accessKeyId": "AKIAYTOGP2RLNWREA6ND", "userName": "bhavin_cli"}, "eventTime": "2021-02-24T22:06:54Z", "eventSource": "iam.amazonaws.com", "eventName": "DeleteGroup", "awsRegion": "us-east-1", "sourceIPAddress": "132.1.11.19", "userAgent": "aws-cli/2.0.62 Python/3.9.0 Darwin/19.6.0 source/x86_64 command/iam.delete-group", "requestParameters": {"groupName": "AtomicRedTeam"}, "responseElements": null, "requestID": "7935d89f-605d-4d65-b0f4-1559cee2df13", "eventID": "19ffff2c-970f-44e6-b404-2f51c5d2076b", "readOnly": false, "eventType": "AwsApiCall", "managementEvent": true, "eventCategory": "Management", "recipientAccountId": "123599847101"}
{"eventVersion": "1.08", "userIdentity": {"type": "IAMUser", "principalId": "AIDAYTOGP2RLEHRX5YWNV", "arn": "arn:aws:iam::123599847101:user/bhavin_cli", "accountId": "123599847101", "accessKeyId": "AKIAYTOGP2RLNWREA6ND", "userName": "bhavin_cli"}, "eventTime": "2021-02-24T22:04:08Z", "eventSource": "iam.amazonaws.com", "eventName": "DeleteGroup", "awsRegion": "us-east-1", "sourceIPAddress": "132.1.11.19", "userAgent": "aws-cli/2.0.62 Python/3.9.0 Darwin/19.6.0 source/x86_64 command/iam.delete-group", "requestParameters": {"groupName": "AtomicRedTeam"}, "responseElements": null, "requestID": "570cc01b-7304-45f1-b9af-1b659a1dfe89", "eventID": "f6abf840-4025-4691-be64-8aacbda2aeae", "readOnly": false, "eventType": "AwsApiCall", "managementEvent": true, "eventCategory": "Management", "recipientAccountId": "123599847101"}
{"eventVersion": "1.08", "userIdentity": {"type": "IAMUser", "principalId": "AIDAYTOGP2RLEHRX5YWNV", "arn": "arn:aws:iam::123599847101:user/bhavin_cli", "accountId": "123599847101", "accessKeyId": "AKIAYTOGP2RLNWREA6ND", "userName": "bhavin_cli"}, "eventTime": "2021-02-24T21:33:35Z", "eventSource": "iam.amazonaws.com", "eventName": "DeleteGroup", "awsRegion": "us-east-1", "sourceIPAddress": "132.1.11.19", "userAgent": "aws-cli/2.0.62 Python/3.9.0 Darwin/19.6.0 source/x86_64 command/iam.delete-group", "requestParameters": {"groupName": "AtomicRedTeam"}, "responseElements": null, "requestID": "f8ee2079-d142-4b61-b161-61e4955d1477", "eventID": "af219603-f110-4b9c-9327-f2363cc05147", "readOnly": false, "eventType": "AwsApiCall", "managementEvent": true, "eventCategory": "Management", "recipientAccountId": "123599847101"}
{"eventVersion": "1.08", "userIdentity": {"type": "IAMUser", "principalId": "AIDAYTOGP2RLEHRX5YWNV", "arn": "arn:aws:iam::123599847101:user/bhavin_cli", "accountId": "123599847101", "accessKeyId": "AKIAYTOGP2RLNWREA6ND", "userName": "bhavin_cli"}, "eventTime": "2021-02-24T21:25:52Z", "eventSource": "iam.amazonaws.com", "eventName": "DeleteGroup", "awsRegion": "us-east-1", "sourceIPAddress": "132.1.11.19", "userAgent": "aws-cli/2.0.62 Python/3.9.0 Darwin/19.6.0 source/x86_64 command/iam.delete-group", "requestParameters": {"groupName": "AtomicRedTeam"}, "responseElements": null, "requestID": "f431e5ee-d118-4a9e-aa4a-a86d35361d17", "eventID": "d577fe59-3a39-4eec-9a4b-61e24f1b547f", "readOnly": false, "eventType": "AwsApiCall", "managementEvent": true, "eventCategory": "Management", "recipientAccountId": "123599847101"}
{"eventVersion": "1.08", "userIdentity": {"type": "IAMUser", "principalId": "AIDAYTOGP2RLEHRX5YWNV", "arn": "arn:aws:iam::123599847101:user/bhavin_cli", "accountId": "123599847101", "accessKeyId": "AKIAYTOGP2RLNWREA6ND", "userName": "bhavin_cli"}, "eventTime": "2021-02-24T21:17:59Z", "eventSource": "iam.amazonaws.com", "eventName": "DeleteGroup", "awsRegion": "us-east-1", "sourceIPAddress": "132.1.11.19", "userAgent": "aws-cli/2.0.62 Python/3.9.0 Darwin/19.6.0 source/x86_64 command/iam.delete-group", "requestParameters": {"groupName": "Atomic_Red_Team"}, "responseElements": null, "requestID": "095b12a9-901b-4706-ab55-05b0664a6b30", "eventID": "d94daa05-2b56-4b4d-8b9f-20365fb67db2", "readOnly": false, "eventType": "AwsApiCall", "managementEvent": true, "eventCategory": "Management", "recipientAccountId": "123599847101"}
{"eventVersion":"1.05","userIdentity":{"type":"IAMUser","principalId":"AIDAYTOGP2RLEHRX5YWNV","arn":"arn:aws:iam::123599847101:user/bhavin_cli","accountId":"123599847101","accessKeyId":"AKIAYTOGP2RLG53UIYWY","userName":"bhavin_cli"},"eventTime":"2020-08-05T22:10:29Z","eventSource":"iam.amazonaws.com","eventName":"DeleteGroup","awsRegion":"us-east-1","sourceIPAddress":"132.1.11.19","userAgent":"aws-sdk-go/1.32.12 (go1.13.7; darwin; amd64) APN/1.0 HashiCorp/1.0 Terraform/0.12.12 (+https://www.terraform.io)","requestParameters":{"groupName":"codecommit-default"},"responseElements":null,"requestID":"2dbe1fcc-bd06-4edb-8307-af892802781f","eventID":"51e750a8-8db3-4fd5-97f7-9e0da658fecb","eventType":"AwsApiCall","recipientAccountId":"123599847101"}
{"eventVersion":"1.05","userIdentity":{"type":"IAMUser","principalId":"AIDAYTOGP2RLEHRX5YWNV","arn":"arn:aws:iam::123599847101:user/bhavin_cli","accountId":"123599847101","accessKeyId":"AKIAYTOGP2RLG53UIYWY","userName":"bhavin_cli"},"eventTime":"2020-08-05T22:10:29Z","eventSource":"iam.amazonaws.com","eventName":"DeleteGroup","awsRegion":"us-east-1","sourceIPAddress":"132.1.11.19","userAgent":"aws-sdk-go/1.32.12 (go1.13.7; darwin; amd64) APN/1.0 HashiCorp/1.0 Terraform/0.12.12 (+https://www.terraform.io)","requestParameters":{"groupName":"codecommit-default"},"responseElements":null,"requestID":"2dbe1fcc-bd06-4edb-8307-af892802781f","eventID":"51e750a8-8db3-4fd5-97f7-9e0da658fecb","eventType":"AwsApiCall","recipientAccountId":"123599847101"}
{"eventVersion": "1.05", "userIdentity": {"type": "IAMUser", "principalId": "AIDAYTOGP2RLEHRX5YWNV", "arn": "arn:aws:iam::123599847101:user/bhavin_cli", "accountId": "123599847101", "accessKeyId": "AKIAYTOGP2RLG53UIYWY", "userName": "bhavin_cli"}, "eventTime": "2020-08-05T22:10:29Z", "eventSource": "iam.amazonaws.com", "eventName": "DeleteGroup", "awsRegion": "us-east-1", "sourceIPAddress": "132.1.11.19", "userAgent": "aws-sdk-go/1.32.12 (go1.13.7; darwin; amd64) APN/1.0 HashiCorp/1.0 Terraform/0.12.12 (+https://www.terraform.io)", "requestParameters": {"groupName": "codecommit-default"}, "responseElements": null, "requestID": "2dbe1fcc-bd06-4edb-8307-af892802781f", "eventID": "51e750a8-8db3-4fd5-97f7-9e0da658fecb", "eventType": "AwsApiCall", "recipientAccountId": "123599847101"}
{"eventVersion":"1.05","userIdentity":{"type":"IAMUser","principalId":"AIDAYTOGP2RLEHRX5YWNV","arn":"arn:aws:iam::123599847101:user/bhavin_cli","accountId":"123599847101","accessKeyId":"AKIAYTOGP2RLG53UIYWY","userName":"bhavin_cli"},"eventTime":"2020-08-05T21:21:32Z","eventSource":"iam.amazonaws.com","eventName":"DeleteGroup","awsRegion":"us-east-1","sourceIPAddress":"132.1.11.19","userAgent":"aws-sdk-go/1.32.12 (go1.13.7; darwin; amd64) APN/1.0 HashiCorp/1.0 Terraform/0.12.12 (+https://www.terraform.io)","requestParameters":{"groupName":"codecommit-default"},"responseElements":null,"requestID":"92a9289c-5b07-451e-8024-924421145433","eventID":"466135e8-133b-49fc-bfbc-c3d9beb168fc","eventType":"AwsApiCall","recipientAccountId":"123599847101"}
{"eventVersion":"1.05","userIdentity":{"type":"IAMUser","principalId":"AIDAYTOGP2RLEHRX5YWNV","arn":"arn:aws:iam::123599847101:user/bhavin_cli","accountId":"123599847101","accessKeyId":"AKIAYTOGP2RLG53UIYWY","userName":"bhavin_cli"},"eventTime":"2020-08-05T21:21:32Z","eventSource":"iam.amazonaws.com","eventName":"DeleteGroup","awsRegion":"us-east-1","sourceIPAddress":"132.1.11.19","userAgent":"aws-sdk-go/1.32.12 (go1.13.7; darwin; amd64) APN/1.0 HashiCorp/1.0 Terraform/0.12.12 (+https://www.terraform.io)","requestParameters":{"groupName":"codecommit-default"},"responseElements":null,"requestID":"92a9289c-5b07-451e-8024-924421145433","eventID":"466135e8-133b-49fc-bfbc-c3d9beb168fc","eventType":"AwsApiCall","recipientAccountId":"123599847101"}
{"eventVersion": "1.05", "userIdentity": {"type": "IAMUser", "principalId": "AIDAYTOGP2RLEHRX5YWNV", "arn": "arn:aws:iam::123599847101:user/bhavin_cli", "accountId": "123599847101", "accessKeyId": "AKIAYTOGP2RLG53UIYWY", "userName": "bhavin_cli"}, "eventTime": "2020-08-05T21:21:32Z", "eventSource": "iam.amazonaws.com", "eventName": "DeleteGroup", "awsRegion": "us-east-1", "sourceIPAddress": "132.1.11.19", "userAgent": "aws-sdk-go/1.32.12 (go1.13.7; darwin; amd64) APN/1.0 HashiCorp/1.0 Terraform/0.12.12 (+https://www.terraform.io)", "requestParameters": {"groupName": "codecommit-default"}, "responseElements": null, "requestID": "92a9289c-5b07-451e-8024-924421145433", "eventID": "466135e8-133b-49fc-bfbc-c3d9beb168fc", "eventType": "AwsApiCall", "recipientAccountId": "123599847101"}
{"eventVersion":"1.05","userIdentity":{"type":"IAMUser","principalId":"AIDAYTOGP2RLEHRX5YWNV","arn":"arn:aws:iam::123599847101:user/bhavin_cli","accountId":"123599847101","accessKeyId":"AKIAYTOGP2RLG53UIYWY","userName":"bhavin_cli"},"eventTime":"2020-08-05T20:29:10Z","eventSource":"iam.amazonaws.com","eventName":"DeleteGroup","awsRegion":"us-east-1","sourceIPAddress":"132.1.11.19","userAgent":"aws-sdk-go/1.32.12 (go1.13.7; darwin; amd64) APN/1.0 HashiCorp/1.0 Terraform/0.12.12 (+https://www.terraform.io)","requestParameters":{"groupName":"codecommit-default"},"responseElements":null,"requestID":"b4c3783a-4f36-408f-a60f-fa8ee1d2bb9e","eventID":"c29e93d5-4602-4b74-8fe7-499c4e9968c1","eventType":"AwsApiCall","recipientAccountId":"123599847101"}
{"eventVersion":"1.05","userIdentity":{"type":"IAMUser","principalId":"AIDAYTOGP2RLEHRX5YWNV","arn":"arn:aws:iam::123599847101:user/bhavin_cli","accountId":"123599847101","accessKeyId":"AKIAYTOGP2RLG53UIYWY","userName":"bhavin_cli"},"eventTime":"2020-08-05T20:29:10Z","eventSource":"iam.amazonaws.com","eventName":"DeleteGroup","awsRegion":"us-east-1","sourceIPAddress":"132.1.11.19","userAgent":"aws-sdk-go/1.32.12 (go1.13.7; darwin; amd64) APN/1.0 HashiCorp/1.0 Terraform/0.12.12 (+https://www.terraform.io)","requestParameters":{"groupName":"codecommit-default"},"responseElements":null,"requestID":"b4c3783a-4f36-408f-a60f-fa8ee1d2bb9e","eventID":"c29e93d5-4602-4b74-8fe7-499c4e9968c1","eventType":"AwsApiCall","recipientAccountId":"123599847101"}
{"eventVersion": "1.05", "userIdentity": {"type": "IAMUser", "principalId": "AIDAYTOGP2RLEHRX5YWNV", "arn": "arn:aws:iam::123599847101:user/bhavin_cli", "accountId": "123599847101", "accessKeyId": "AKIAYTOGP2RLG53UIYWY", "userName": "bhavin_cli"}, "eventTime": "2020-08-05T20:29:10Z", "eventSource": "iam.amazonaws.com", "eventName": "DeleteGroup", "awsRegion": "us-east-1", "sourceIPAddress": "132.1.11.19", "userAgent": "aws-sdk-go/1.32.12 (go1.13.7; darwin; amd64) APN/1.0 HashiCorp/1.0 Terraform/0.12.12 (+https://www.terraform.io)", "requestParameters": {"groupName": "codecommit-default"}, "responseElements": null, "requestID": "b4c3783a-4f36-408f-a60f-fa8ee1d2bb9e", "eventID": "c29e93d5-4602-4b74-8fe7-499c4e9968c1", "eventType": "AwsApiCall", "recipientAccountId": "123599847101"}
