{"eventVersion": "1.08", "userIdentity": {"type": "IAMUser", "principalId": "AIDAYTOGP2RLEA4UAAW3S", "arn": "arn:aws:iam::174313347505:user/mhart_cli", "accountId": "174313347505", "accessKeyId": "AKIAYTOGP2RLPOLEFTPP", "userName": "mhart_cli"}, "eventTime": "2021-03-13T02:49:24Z", "eventSource": "iam.amazonaws.com", "eventName": "CreatePolicy", "awsRegion": "us-east-1", "sourceIPAddress": "14.120.112.134", "userAgent": "aws-sdk-go/1.37.24 (go1.16; darwin; amd64) APN/1.0 HashiCorp/1.0 Terraform/0.14.6 (+https://www.terraform.io) terraform-provider-aws/dev (+https://registry.terraform.io/providers/hashicorp/aws)", "errorCode": "MalformedPolicyDocumentException", "errorMessage": "Resource 174313347505.dkr.ecr.us-west-2.amazonaws.com/mhart-experimental must be in ARN format or \"*\".", "requestParameters": {"policyName": "dc_builder_policy", "path": "/", "policyDocument": "{\n  \"Version\": \"2012-10-17\",\n  \"Statement\": [\n    {\n      \"Sid\": \"ListObjectsInBucket\",\n      \"Effect\": \"Allow\",\n      \"Action\": \"s3:ListBucket\",\n      \"Resource\": \"arn:aws:s3:::mhart-smle\"\n    },\n    {\n      \"Sid\": \"AllObjectActions\",\n      \"Effect\": \"Allow\",\n      \"Action\": \"s3:*Object\",\n      \"Resource\": \"arn:aws:s3:::mhart-smle/*\"\n    },\n    {\n      \"Sid\": \"AllEcrActions\",\n      \"Effect\": \"Allow\",\n      \"Action\": \"ecr:*\",\n      \"Resource\": \"174313347505.dkr.ecr.us-west-2.amazonaws.com/mhart-experimental\"\n    }\n  ]\n}", "description": "Policy to attach to ML tuning instances"}, "responseElements": null, "requestID": "ebac341d-8d32-430c-9a56-bd25ea2a6335", "eventID": "2db16856-f94d-4e5f-aebf-b46bb9342ebc", "readOnly": false, "eventType": "AwsApiCall", "managementEvent": true, "eventCategory": "Management", "recipientAccountId": "174313347505"}
{"eventVersion": "1.08", "userIdentity": {"type": "IAMUser", "principalId": "AIDAYTOGP2RLEHRX5YWNV", "arn": "arn:aws:iam::174313347505:user/bhavin_cli", "accountId": "174313347505", "accessKeyId": "AKIAYTOGP2RLNWREA6ND", "userName": "bhavin_cli"}, "eventTime": "2021-02-24T21:07:35Z", "eventSource": "iam.amazonaws.com", "eventName": "CreatePolicy", "awsRegion": "us-east-1", "sourceIPAddress": "71.23.14.129", "userAgent": "aws-cli/2.0.62 Python/3.9.0 Darwin/19.6.0 source/x86_64 command/iam.create-policy", "errorCode": "MalformedPolicyDocumentException", "errorMessage": "Statement IDs (SID) must be alpha-numeric. Check that your input satisfies the regular expression [0-9A-Za-z]*", "requestParameters": {"policyName": "Atomic_Red_Team", "policyDocument": "{\n   \"Version\": \"2012-10-17\",\n   \"Statement\": [\n       {\n           \"Sid\": \"Atomic_Red_Team\",\n           \"Effect\": \"Allow\",\n           \"Action\": \"iam:CreatePolicyVersion\",\n           \"Resource\": \"arn:aws:iam::*:policy/*\"\n        }\n     ]\n}"}, "responseElements": null, "requestID": "16184c0a-6b18-47f8-a80a-57701913ffde", "eventID": "2bcfb87f-f450-49ce-815b-817f34503ea7", "readOnly": false, "eventType": "AwsApiCall", "managementEvent": true, "eventCategory": "Management", "recipientAccountId": "174313347505"}
{"eventVersion": "1.08", "userIdentity": {"type": "IAMUser", "principalId": "AIDAYTOGP2RLEA4UAAW3S", "arn": "arn:aws:iam::174313347505:user/mhart_cli", "accountId": "174313347505", "accessKeyId": "AKIAYTOGP2RLPOLEFTPP", "userName": "mhart_cli"}, "eventTime": "2021-03-13T02:49:24Z", "eventSource": "iam.amazonaws.com", "eventName": "CreatePolicy", "awsRegion": "us-east-1", "sourceIPAddress": "14.120.112.134", "userAgent": "aws-sdk-go/1.37.24 (go1.16; darwin; amd64) APN/1.0 HashiCorp/1.0 Terraform/0.14.6 (+https://www.terraform.io) terraform-provider-aws/dev (+https://registry.terraform.io/providers/hashicorp/aws)", "errorCode": "MalformedPolicyDocumentException", "errorMessage": "Resource 174313347505.dkr.ecr.us-west-2.amazonaws.com/mhart-experimental must be in ARN format or \"*\".", "requestParameters": {"policyName": "dc_builder_policy", "path": "/", "policyDocument": "{\n  \"Version\": \"2012-10-17\",\n  \"Statement\": [\n    {\n      \"Sid\": \"ListObjectsInBucket\",\n      \"Effect\": \"Allow\",\n      \"Action\": \"s3:ListBucket\",\n      \"Resource\": \"arn:aws:s3:::mhart-smle\"\n    },\n    {\n      \"Sid\": \"AllObjectActions\",\n      \"Effect\": \"Allow\",\n      \"Action\": \"s3:*Object\",\n      \"Resource\": \"arn:aws:s3:::mhart-smle/*\"\n    },\n    {\n      \"Sid\": \"AllEcrActions\",\n      \"Effect\": \"Allow\",\n      \"Action\": \"ecr:*\",\n      \"Resource\": \"174313347505.dkr.ecr.us-west-2.amazonaws.com/mhart-experimental\"\n    }\n  ]\n}", "description": "Policy to attach to ML tuning instances"}, "responseElements": null, "requestID": "ebac341d-8d32-430c-9a56-bd25ea2a6335", "eventID": "2db16856-f94d-4e5f-aebf-b46bb9342ebc", "readOnly": false, "eventType": "AwsApiCall", "managementEvent": true, "eventCategory": "Management", "recipientAccountId": "174313347505"}
{"eventVersion": "1.08", "userIdentity": {"type": "IAMUser", "principalId": "AIDAYTOGP2RLEHRX5YWNV", "arn": "arn:aws:iam::174313347505:user/bhavin_cli", "accountId": "174313347505", "accessKeyId": "AKIAYTOGP2RLNWREA6ND", "userName": "bhavin_cli"}, "eventTime": "2021-02-24T21:07:35Z", "eventSource": "iam.amazonaws.com", "eventName": "CreatePolicy", "awsRegion": "us-east-1", "sourceIPAddress": "71.23.14.129", "userAgent": "aws-cli/2.0.62 Python/3.9.0 Darwin/19.6.0 source/x86_64 command/iam.create-policy", "errorCode": "MalformedPolicyDocumentException", "errorMessage": "Statement IDs (SID) must be alpha-numeric. Check that your input satisfies the regular expression [0-9A-Za-z]*", "requestParameters": {"policyName": "Atomic_Red_Team", "policyDocument": "{\n   \"Version\": \"2012-10-17\",\n   \"Statement\": [\n       {\n           \"Sid\": \"Atomic_Red_Team\",\n           \"Effect\": \"Allow\",\n           \"Action\": \"iam:CreatePolicyVersion\",\n           \"Resource\": \"arn:aws:iam::*:policy/*\"\n        }\n     ]\n}"}, "responseElements": null, "requestID": "16184c0a-6b18-47f8-a80a-57701913ffde", "eventID": "2bcfb87f-f450-49ce-815b-817f34503ea7", "readOnly": false, "eventType": "AwsApiCall", "managementEvent": true, "eventCategory": "Management", "recipientAccountId": "174313347505"}
{"eventVersion": "1.08", "userIdentity": {"type": "IAMUser", "principalId": "AIDAYTOGP2RLEA4UAAW3S", "arn": "arn:aws:iam::174313347505:user/mhart_cli", "accountId": "174313347505", "accessKeyId": "AKIAYTOGP2RLPOLEFTPP", "userName": "mhart_cli"}, "eventTime": "2021-03-13T02:49:24Z", "eventSource": "iam.amazonaws.com", "eventName": "CreatePolicy", "awsRegion": "us-east-1", "sourceIPAddress": "14.120.112.134", "userAgent": "aws-sdk-go/1.37.24 (go1.16; darwin; amd64) APN/1.0 HashiCorp/1.0 Terraform/0.14.6 (+https://www.terraform.io) terraform-provider-aws/dev (+https://registry.terraform.io/providers/hashicorp/aws)", "errorCode": "MalformedPolicyDocumentException", "errorMessage": "Resource 174313347505.dkr.ecr.us-west-2.amazonaws.com/mhart-experimental must be in ARN format or \"*\".", "requestParameters": {"policyName": "dc_builder_policy", "path": "/", "policyDocument": "{\n  \"Version\": \"2012-10-17\",\n  \"Statement\": [\n    {\n      \"Sid\": \"ListObjectsInBucket\",\n      \"Effect\": \"Allow\",\n      \"Action\": \"s3:ListBucket\",\n      \"Resource\": \"arn:aws:s3:::mhart-smle\"\n    },\n    {\n      \"Sid\": \"AllObjectActions\",\n      \"Effect\": \"Allow\",\n      \"Action\": \"s3:*Object\",\n      \"Resource\": \"arn:aws:s3:::mhart-smle/*\"\n    },\n    {\n      \"Sid\": \"AllEcrActions\",\n      \"Effect\": \"Allow\",\n      \"Action\": \"ecr:*\",\n      \"Resource\": \"174313347505.dkr.ecr.us-west-2.amazonaws.com/mhart-experimental\"\n    }\n  ]\n}", "description": "Policy to attach to ML tuning instances"}, "responseElements": null, "requestID": "ebac341d-8d32-430c-9a56-bd25ea2a6335", "eventID": "2db16856-f94d-4e5f-aebf-b46bb9342ebc", "readOnly": false, "eventType": "AwsApiCall", "managementEvent": true, "eventCategory": "Management", "recipientAccountId": "174313347505"}
{"eventVersion": "1.08", "userIdentity": {"type": "IAMUser", "principalId": "AIDAYTOGP2RLEHRX5YWNV", "arn": "arn:aws:iam::174313347505:user/bhavin_cli", "accountId": "174313347505", "accessKeyId": "AKIAYTOGP2RLNWREA6ND", "userName": "bhavin_cli"}, "eventTime": "2021-02-24T21:07:35Z", "eventSource": "iam.amazonaws.com", "eventName": "CreatePolicy", "awsRegion": "us-east-1", "sourceIPAddress": "71.23.14.129", "userAgent": "aws-cli/2.0.62 Python/3.9.0 Darwin/19.6.0 source/x86_64 command/iam.create-policy", "errorCode": "MalformedPolicyDocumentException", "errorMessage": "Statement IDs (SID) must be alpha-numeric. Check that your input satisfies the regular expression [0-9A-Za-z]*", "requestParameters": {"policyName": "Atomic_Red_Team", "policyDocument": "{\n   \"Version\": \"2012-10-17\",\n   \"Statement\": [\n       {\n           \"Sid\": \"Atomic_Red_Team\",\n           \"Effect\": \"Allow\",\n           \"Action\": \"iam:CreatePolicyVersion\",\n           \"Resource\": \"arn:aws:iam::*:policy/*\"\n        }\n     ]\n}"}, "responseElements": null, "requestID": "16184c0a-6b18-47f8-a80a-57701913ffde", "eventID": "2bcfb87f-f450-49ce-815b-817f34503ea7", "readOnly": false, "eventType": "AwsApiCall", "managementEvent": true, "eventCategory": "Management", "recipientAccountId": "174313347505"}
{"eventVersion": "1.08", "userIdentity": {"type": "IAMUser", "principalId": "AIDAYTOGP2RLEA4UAAW3S", "arn": "arn:aws:iam::174313347505:user/mhart_cli", "accountId": "174313347505", "accessKeyId": "AKIAYTOGP2RLPOLEFTPP", "userName": "mhart_cli"}, "eventTime": "2021-03-13T02:49:24Z", "eventSource": "iam.amazonaws.com", "eventName": "CreatePolicy", "awsRegion": "us-east-1", "sourceIPAddress": "14.120.112.134", "userAgent": "aws-sdk-go/1.37.24 (go1.16; darwin; amd64) APN/1.0 HashiCorp/1.0 Terraform/0.14.6 (+https://www.terraform.io) terraform-provider-aws/dev (+https://registry.terraform.io/providers/hashicorp/aws)", "errorCode": "MalformedPolicyDocumentException", "errorMessage": "Resource 174313347505.dkr.ecr.us-west-2.amazonaws.com/mhart-experimental must be in ARN format or \"*\".", "requestParameters": {"policyName": "dc_builder_policy", "path": "/", "policyDocument": "{\n  \"Version\": \"2012-10-17\",\n  \"Statement\": [\n    {\n      \"Sid\": \"ListObjectsInBucket\",\n      \"Effect\": \"Allow\",\n      \"Action\": \"s3:ListBucket\",\n      \"Resource\": \"arn:aws:s3:::mhart-smle\"\n    },\n    {\n      \"Sid\": \"AllObjectActions\",\n      \"Effect\": \"Allow\",\n      \"Action\": \"s3:*Object\",\n      \"Resource\": \"arn:aws:s3:::mhart-smle/*\"\n    },\n    {\n      \"Sid\": \"AllEcrActions\",\n      \"Effect\": \"Allow\",\n      \"Action\": \"ecr:*\",\n      \"Resource\": \"174313347505.dkr.ecr.us-west-2.amazonaws.com/mhart-experimental\"\n    }\n  ]\n}", "description": "Policy to attach to ML tuning instances"}, "responseElements": null, "requestID": "ebac341d-8d32-430c-9a56-bd25ea2a6335", "eventID": "2db16856-f94d-4e5f-aebf-b46bb9342ebc", "readOnly": false, "eventType": "AwsApiCall", "managementEvent": true, "eventCategory": "Management", "recipientAccountId": "174313347505"}
{"eventVersion": "1.08", "userIdentity": {"type": "IAMUser", "principalId": "AIDAYTOGP2RLEHRX5YWNV", "arn": "arn:aws:iam::174313347505:user/bhavin_cli", "accountId": "174313347505", "accessKeyId": "AKIAYTOGP2RLNWREA6ND", "userName": "bhavin_cli"}, "eventTime": "2021-02-24T21:07:35Z", "eventSource": "iam.amazonaws.com", "eventName": "CreatePolicy", "awsRegion": "us-east-1", "sourceIPAddress": "71.23.14.129", "userAgent": "aws-cli/2.0.62 Python/3.9.0 Darwin/19.6.0 source/x86_64 command/iam.create-policy", "errorCode": "MalformedPolicyDocumentException", "errorMessage": "Statement IDs (SID) must be alpha-numeric. Check that your input satisfies the regular expression [0-9A-Za-z]*", "requestParameters": {"policyName": "Atomic_Red_Team", "policyDocument": "{\n   \"Version\": \"2012-10-17\",\n   \"Statement\": [\n       {\n           \"Sid\": \"Atomic_Red_Team\",\n           \"Effect\": \"Allow\",\n           \"Action\": \"iam:CreatePolicyVersion\",\n           \"Resource\": \"arn:aws:iam::*:policy/*\"\n        }\n     ]\n}"}, "responseElements": null, "requestID": "16184c0a-6b18-47f8-a80a-57701913ffde", "eventID": "2bcfb87f-f450-49ce-815b-817f34503ea7", "readOnly": false, "eventType": "AwsApiCall", "managementEvent": true, "eventCategory": "Management", "recipientAccountId": "174313347505"}
{"eventVersion": "1.08", "userIdentity": {"type": "IAMUser", "principalId": "AIDAYTOGP2RLEA4UAAW3S", "arn": "arn:aws:iam::174313347505:user/mhart_cli", "accountId": "174313347505", "accessKeyId": "AKIAYTOGP2RLPOLEFTPP", "userName": "mhart_cli"}, "eventTime": "2021-03-13T02:49:24Z", "eventSource": "iam.amazonaws.com", "eventName": "CreatePolicy", "awsRegion": "us-east-1", "sourceIPAddress": "14.120.112.134", "userAgent": "aws-sdk-go/1.37.24 (go1.16; darwin; amd64) APN/1.0 HashiCorp/1.0 Terraform/0.14.6 (+https://www.terraform.io) terraform-provider-aws/dev (+https://registry.terraform.io/providers/hashicorp/aws)", "errorCode": "MalformedPolicyDocumentException", "errorMessage": "Resource 174313347505.dkr.ecr.us-west-2.amazonaws.com/mhart-experimental must be in ARN format or \"*\".", "requestParameters": {"policyName": "dc_builder_policy", "path": "/", "policyDocument": "{\n  \"Version\": \"2012-10-17\",\n  \"Statement\": [\n    {\n      \"Sid\": \"ListObjectsInBucket\",\n      \"Effect\": \"Allow\",\n      \"Action\": \"s3:ListBucket\",\n      \"Resource\": \"arn:aws:s3:::mhart-smle\"\n    },\n    {\n      \"Sid\": \"AllObjectActions\",\n      \"Effect\": \"Allow\",\n      \"Action\": \"s3:*Object\",\n      \"Resource\": \"arn:aws:s3:::mhart-smle/*\"\n    },\n    {\n      \"Sid\": \"AllEcrActions\",\n      \"Effect\": \"Allow\",\n      \"Action\": \"ecr:*\",\n      \"Resource\": \"174313347505.dkr.ecr.us-west-2.amazonaws.com/mhart-experimental\"\n    }\n  ]\n}", "description": "Policy to attach to ML tuning instances"}, "responseElements": null, "requestID": "ebac341d-8d32-430c-9a56-bd25ea2a6335", "eventID": "2db16856-f94d-4e5f-aebf-b46bb9342ebc", "readOnly": false, "eventType": "AwsApiCall", "managementEvent": true, "eventCategory": "Management", "recipientAccountId": "174313347505"}
{"eventVersion": "1.08", "userIdentity": {"type": "IAMUser", "principalId": "AIDAYTOGP2RLEHRX5YWNV", "arn": "arn:aws:iam::174313347505:user/bhavin_cli", "accountId": "174313347505", "accessKeyId": "AKIAYTOGP2RLNWREA6ND", "userName": "bhavin_cli"}, "eventTime": "2021-02-24T21:07:35Z", "eventSource": "iam.amazonaws.com", "eventName": "CreatePolicy", "awsRegion": "us-east-1", "sourceIPAddress": "71.23.14.129", "userAgent": "aws-cli/2.0.62 Python/3.9.0 Darwin/19.6.0 source/x86_64 command/iam.create-policy", "errorCode": "MalformedPolicyDocumentException", "errorMessage": "Statement IDs (SID) must be alpha-numeric. Check that your input satisfies the regular expression [0-9A-Za-z]*", "requestParameters": {"policyName": "Atomic_Red_Team", "policyDocument": "{\n   \"Version\": \"2012-10-17\",\n   \"Statement\": [\n       {\n           \"Sid\": \"Atomic_Red_Team\",\n           \"Effect\": \"Allow\",\n           \"Action\": \"iam:CreatePolicyVersion\",\n           \"Resource\": \"arn:aws:iam::*:policy/*\"\n        }\n     ]\n}"}, "responseElements": null, "requestID": "16184c0a-6b18-47f8-a80a-57701913ffde", "eventID": "2bcfb87f-f450-49ce-815b-817f34503ea7", "readOnly": false, "eventType": "AwsApiCall", "managementEvent": true, "eventCategory": "Management", "recipientAccountId": "174313347505"}
