{"eventVersion": "1.08", "userIdentity": {"type": "IAMUser", "principalId": "AIDAYTOGP2RLNMCDVJZAY", "arn": "arn:aws:iam::591511147606:user/rhino_escalate", "accountId": "591511147606", "accessKeyId": "AKIAYTOGP2RLHSQZPZFZ", "userName": "rhino_escalate"}, "eventTime": "2021-02-23T00:02:30Z", "eventSource": "iam.amazonaws.com", "eventName": "CreatePolicyVersion", "awsRegion": "us-east-1", "sourceIPAddress": "73.15.72.101", "userAgent": "aws-cli/2.0.62 Python/3.9.0 Darwin/19.6.0 source/x86_64 command/iam.create-policy-version", "requestParameters": {"policyArn": "arn:aws:iam::591511147606:policy/rhino_escalate", "policyDocument": "{\n   \"Version\": \"2012-10-17\",\n   \"Statement\": [\n       {\n           \"Sid\": \"AllowEverything\",\n           \"Effect\": \"Allow\",\n           \"Action\": \"*\",\n           \"Resource\": \"*\"\n       }\n    ]\n }", "setAsDefault": true}, "responseElements": {"policyVersion": {"versionId": "v2", "isDefaultVersion": true, "createDate": "Feb 23, 2021 12:02:30 AM"}}, "requestID": "fa42b4b2-f34a-4673-8f9f-b25cf1f5005a", "eventID": "33149175-90fd-4cff-a43b-408e4f848c1c", "readOnly": false, "eventType": "AwsApiCall", "managementEvent": true, "eventCategory": "Management", "recipientAccountId": "591511147606"}
{"eventVersion": "1.08", "userIdentity": {"type": "IAMUser", "principalId": "AIDAYTOGP2RLEHRX5YWNV", "arn": "arn:aws:iam::591511147606:user/bhavin_cli", "accountId": "591511147606", "accessKeyId": "AKIAYTOGP2RLNWREA6ND", "userName": "bhavin_cli"}, "eventTime": "2021-02-23T00:00:16Z", "eventSource": "iam.amazonaws.com", "eventName": "CreatePolicyVersion", "awsRegion": "us-east-1", "sourceIPAddress": "73.15.72.101", "userAgent": "aws-cli/2.0.62 Python/3.9.0 Darwin/19.6.0 source/x86_64 command/iam.create-policy-version", "errorCode": "NoSuchEntityException", "errorMessage": "Policy arn:aws:iam::591511147606:policy/privesc1 does not exist or is not attachable.", "requestParameters": {"policyArn": "arn:aws:iam::591511147606:policy/privesc1", "policyDocument": "{\n   \"Version\": \"2012-10-17\",\n   \"Statement\": [\n       {\n           \"Sid\": \"AllowEverything\",\n           \"Effect\": \"Allow\",\n           \"Action\": \"*\",\n           \"Resource\": \"*\"\n       }\n    ]\n }", "setAsDefault": true}, "responseElements": null, "requestID": "0274bd4e-61e2-471b-9c10-eb5fd92d9892", "eventID": "4a5d643f-bda4-4c67-a31d-35699c843a9e", "readOnly": false, "eventType": "AwsApiCall", "managementEvent": true, "eventCategory": "Management", "recipientAccountId": "591511147606"}