{"eventVersion": "1.08", "userIdentity": {"type": "IAMUser", "principalId": "AIDAYTOGP2RLEHRX5YWNV", "arn": "arn:aws:iam::121522247101:user/bhavin_cli", "accountId": "121522247101", "accessKeyId": "AKIAYTOGP2RLLAA6NJUM", "userName": "bhavin_cli"}, "eventTime": "2021-04-07T00:17:50Z", "eventSource": "iam.amazonaws.com", "eventName": "DeleteGroup", "awsRegion": "us-east-1", "sourceIPAddress": "12.12.12.20", "userAgent": "aws-cli/2.0.62 Python/3.9.2 Darwin/19.6.0 source/x86_64 command/iam.delete-group", "errorCode": "NoSuchEntityException", "errorMessage": "The group with name AtomicRedTeam_Victim cannot be found.", "requestParameters": {"groupName": "AtomicRedTeam_Victim"}, "responseElements": null, "requestID": "15684d3b-a8c5-4334-a996-16619e901c17", "eventID": "ab65dca3-3d28-41f4-9f99-443606cc49fe", "readOnly": false, "eventType": "AwsApiCall", "managementEvent": true, "eventCategory": "Management", "recipientAccountId": "121522247101"}
{"eventVersion": "1.08", "userIdentity": {"type": "IAMUser", "principalId": "AIDAYTOGP2RLEHRX5YWNV", "arn": "arn:aws:iam::121522247101:user/bhavin_cli", "accountId": "121522247101", "accessKeyId": "AKIAYTOGP2RLLAA6NJUM", "userName": "bhavin_cli"}, "eventTime": "2021-04-06T23:27:07Z", "eventSource": "iam.amazonaws.com", "eventName": "DeleteGroup", "awsRegion": "us-east-1", "sourceIPAddress": "12.12.12.20", "userAgent": "aws-cli/2.0.62 Python/3.9.2 Darwin/19.6.0 source/x86_64 command/iam.delete-group", "errorCode": "NoSuchEntityException", "errorMessage": "The group with name AtomicRedTeam_Victim cannot be found.", "requestParameters": {"groupName": "AtomicRedTeam_Victim"}, "responseElements": null, "requestID": "10ef16dc-6303-4966-ba77-0f86aa77dbfe", "eventID": "98bc70d5-a1fc-4ab3-af84-685fbc1d4207", "readOnly": false, "eventType": "AwsApiCall", "managementEvent": true, "eventCategory": "Management", "recipientAccountId": "121522247101"}
{"eventVersion": "1.08", "userIdentity": {"type": "IAMUser", "principalId": "AIDAYTOGP2RLEHRX5YWNV", "arn": "arn:aws:iam::121522247101:user/bhavin_cli", "accountId": "121522247101", "accessKeyId": "AKIAYTOGP2RLLAA6NJUM", "userName": "bhavin_cli"}, "eventTime": "2021-04-06T23:26:15Z", "eventSource": "iam.amazonaws.com", "eventName": "DeleteGroup", "awsRegion": "us-east-1", "sourceIPAddress": "12.12.12.20", "userAgent": "aws-cli/2.0.62 Python/3.9.2 Darwin/19.6.0 source/x86_64 command/iam.delete-group", "errorCode": "DeleteConflictException", "errorMessage": "Cannot delete entity, must remove users from group first.", "requestParameters": {"groupName": "AtomicRedTeam_Victim"}, "responseElements": null, "requestID": "b85347d0-ae83-4fa5-8243-7de59d2f5445", "eventID": "8043c236-e01e-4892-b549-8d4602aca851", "readOnly": false, "eventType": "AwsApiCall", "managementEvent": true, "eventCategory": "Management", "recipientAccountId": "121522247101"}
{"eventVersion": "1.08", "userIdentity": {"type": "IAMUser", "principalId": "AIDAYTOGP2RLEHRX5YWNV", "arn": "arn:aws:iam::121522247101:user/bhavin_cli", "accountId": "121522247101", "accessKeyId": "AKIAYTOGP2RLLAA6NJUM", "userName": "bhavin_cli"}, "eventTime": "2021-04-02T20:58:18Z", "eventSource": "iam.amazonaws.com", "eventName": "DeleteGroup", "awsRegion": "us-east-1", "sourceIPAddress": "12.12.12.20", "userAgent": "aws-cli/2.0.62 Python/3.9.2 Darwin/19.6.0 source/x86_64 command/iam.delete-group", "errorCode": "NoSuchEntityException", "errorMessage": "The group with name AtomicRedTeam_Victim cannot be found.", "requestParameters": {"groupName": "AtomicRedTeam_Victim"}, "responseElements": null, "requestID": "f9426ffe-a85f-4292-b4d0-dc46210d2d4d", "eventID": "60afd9dc-d549-4e67-bf0a-b1888fe55ae0", "readOnly": false, "eventType": "AwsApiCall", "managementEvent": true, "eventCategory": "Management", "recipientAccountId": "121522247101"}
{"eventVersion": "1.08", "userIdentity": {"type": "IAMUser", "principalId": "AIDAYTOGP2RLEHRX5YWNV", "arn": "arn:aws:iam::121522247101:user/bhavin_cli", "accountId": "121522247101", "accessKeyId": "AKIAYTOGP2RLLAA6NJUM", "userName": "bhavin_cli"}, "eventTime": "2021-04-02T20:42:18Z", "eventSource": "iam.amazonaws.com", "eventName": "DeleteGroup", "awsRegion": "us-east-1", "sourceIPAddress": "12.12.12.20", "userAgent": "aws-cli/2.0.62 Python/3.9.2 Darwin/19.6.0 source/x86_64 command/iam.delete-group", "errorCode": "NoSuchEntityException", "errorMessage": "The group with name AtomicRedTeam_Victim cannot be found.", "requestParameters": {"groupName": "AtomicRedTeam_Victim"}, "responseElements": null, "requestID": "1fa0a032-8567-4658-a299-2399e03d313c", "eventID": "60be28c7-9842-4290-83e2-d5811a8811a4", "readOnly": false, "eventType": "AwsApiCall", "managementEvent": true, "eventCategory": "Management", "recipientAccountId": "121522247101"}
{"eventVersion": "1.08", "userIdentity": {"type": "IAMUser", "principalId": "AIDAYTOGP2RLEHRX5YWNV", "arn": "arn:aws:iam::121522247101:user/bhavin_cli", "accountId": "121522247101", "accessKeyId": "AKIAYTOGP2RLLAA6NJUM", "userName": "bhavin_cli"}, "eventTime": "2021-04-02T20:41:01Z", "eventSource": "iam.amazonaws.com", "eventName": "DeleteGroup", "awsRegion": "us-east-1", "sourceIPAddress": "12.12.12.20", "userAgent": "aws-cli/2.0.62 Python/3.9.2 Darwin/19.6.0 source/x86_64 command/iam.delete-group", "errorCode": "NoSuchEntityException", "errorMessage": "The group with name AtomicRedTeam_Victim cannot be found.", "requestParameters": {"groupName": "AtomicRedTeam_Victim"}, "responseElements": null, "requestID": "b26d2e87-c17e-4033-a27e-595b5cc4ff27", "eventID": "c26c85b9-c28d-4dee-921b-5d893e06c8a3", "readOnly": false, "eventType": "AwsApiCall", "managementEvent": true, "eventCategory": "Management", "recipientAccountId": "121522247101"}
{"eventVersion": "1.08", "userIdentity": {"type": "IAMUser", "principalId": "AIDAYTOGP2RLEHRX5YWNV", "arn": "arn:aws:iam::121522247101:user/bhavin_cli", "accountId": "121522247101", "accessKeyId": "AKIAYTOGP2RLLAA6NJUM", "userName": "bhavin_cli"}, "eventTime": "2021-04-02T20:40:15Z", "eventSource": "iam.amazonaws.com", "eventName": "DeleteGroup", "awsRegion": "us-east-1", "sourceIPAddress": "12.12.12.20", "userAgent": "aws-cli/2.0.62 Python/3.9.2 Darwin/19.6.0 source/x86_64 command/iam.delete-group", "errorCode": "NoSuchEntityException", "errorMessage": "The group with name AtomicRedTeam_Victim cannot be found.", "requestParameters": {"groupName": "AtomicRedTeam_Victim"}, "responseElements": null, "requestID": "36a8201c-c47c-4410-a090-b752fa7bb6c0", "eventID": "3ece0f38-5e9e-4c70-ba81-884d0fcf54a5", "readOnly": false, "eventType": "AwsApiCall", "managementEvent": true, "eventCategory": "Management", "recipientAccountId": "121522247101"}
{"eventVersion": "1.08", "userIdentity": {"type": "IAMUser", "principalId": "AIDAYTOGP2RLEHRX5YWNV", "arn": "arn:aws:iam::121522247101:user/bhavin_cli", "accountId": "121522247101", "accessKeyId": "AKIAYTOGP2RLLAA6NJUM", "userName": "bhavin_cli"}, "eventTime": "2021-04-02T20:39:22Z", "eventSource": "iam.amazonaws.com", "eventName": "DeleteGroup", "awsRegion": "us-east-1", "sourceIPAddress": "12.12.12.20", "userAgent": "aws-cli/2.0.62 Python/3.9.2 Darwin/19.6.0 source/x86_64 command/iam.delete-group", "errorCode": "NoSuchEntityException", "errorMessage": "The group with name AtomicRedTeam_Victim cannot be found.", "requestParameters": {"groupName": "AtomicRedTeam_Victim"}, "responseElements": null, "requestID": "0f8b3dba-282e-4560-b8b2-afd08930f6d3", "eventID": "b4beca8d-5c10-42b9-82e8-860d3d9429f0", "readOnly": false, "eventType": "AwsApiCall", "managementEvent": true, "eventCategory": "Management", "recipientAccountId": "121522247101"}
{"eventVersion": "1.08", "userIdentity": {"type": "IAMUser", "principalId": "AIDAYTOGP2RLEHRX5YWNV", "arn": "arn:aws:iam::121522247101:user/bhavin_cli", "accountId": "121522247101", "accessKeyId": "AKIAYTOGP2RLLAA6NJUM", "userName": "bhavin_cli"}, "eventTime": "2021-04-02T20:30:26Z", "eventSource": "iam.amazonaws.com", "eventName": "DeleteGroup", "awsRegion": "us-east-1", "sourceIPAddress": "12.12.12.20", "userAgent": "aws-cli/2.0.62 Python/3.9.2 Darwin/19.6.0 source/x86_64 command/iam.delete-group", "errorCode": "NoSuchEntityException", "errorMessage": "The group with name AtomicRedTeam_Victim cannot be found.", "requestParameters": {"groupName": "AtomicRedTeam_Victim"}, "responseElements": null, "requestID": "7e6896a4-b8e6-4147-9b25-d3c523306287", "eventID": "289f9fe9-935d-4382-ba34-96d6632ecd4b", "readOnly": false, "eventType": "AwsApiCall", "managementEvent": true, "eventCategory": "Management", "recipientAccountId": "121522247101"}
{"eventVersion": "1.08", "userIdentity": {"type": "IAMUser", "principalId": "AIDAYTOGP2RLEHRX5YWNV", "arn": "arn:aws:iam::121522247101:user/bhavin_cli", "accountId": "121522247101", "accessKeyId": "AKIAYTOGP2RLLAA6NJUM", "userName": "bhavin_cli"}, "eventTime": "2021-04-02T20:26:00Z", "eventSource": "iam.amazonaws.com", "eventName": "DeleteGroup", "awsRegion": "us-east-1", "sourceIPAddress": "12.12.12.20", "userAgent": "aws-cli/2.0.62 Python/3.9.2 Darwin/19.6.0 source/x86_64 command/iam.delete-group", "errorCode": "NoSuchEntityException", "errorMessage": "The group with name AtomicRedTeam_Victim cannot be found.", "requestParameters": {"groupName": "AtomicRedTeam_Victim"}, "responseElements": null, "requestID": "8a8843c2-22c6-4bdc-82a9-4772301a2609", "eventID": "295dcd9b-c62a-46e3-bc70-cc6b2b09d72e", "readOnly": false, "eventType": "AwsApiCall", "managementEvent": true, "eventCategory": "Management", "recipientAccountId": "121522247101"}
{"eventVersion": "1.08", "userIdentity": {"type": "IAMUser", "principalId": "AIDAYTOGP2RLEHRX5YWNV", "arn": "arn:aws:iam::121522247101:user/bhavin_cli", "accountId": "121522247101", "accessKeyId": "AKIAYTOGP2RLLAA6NJUM", "userName": "bhavin_cli"}, "eventTime": "2021-04-02T18:00:58Z", "eventSource": "iam.amazonaws.com", "eventName": "DeleteGroup", "awsRegion": "us-east-1", "sourceIPAddress": "12.12.12.20", "userAgent": "aws-cli/2.0.62 Python/3.9.2 Darwin/19.6.0 source/x86_64 command/iam.delete-group", "errorCode": "NoSuchEntityException", "errorMessage": "The group with name AtomicRedTeam cannot be found.", "requestParameters": {"groupName": "AtomicRedTeam"}, "responseElements": null, "requestID": "543d7da0-9caf-4c3a-9efa-63d8f6c37a15", "eventID": "60460404-cca1-40e4-9803-f9586063bbc7", "readOnly": false, "eventType": "AwsApiCall", "managementEvent": true, "eventCategory": "Management", "recipientAccountId": "121522247101"}
{"eventVersion": "1.08", "userIdentity": {"type": "IAMUser", "principalId": "AIDAYTOGP2RLEHRX5YWNV", "arn": "arn:aws:iam::121522247101:user/bhavin_cli", "accountId": "121522247101", "accessKeyId": "AKIAYTOGP2RLLAA6NJUM", "userName": "bhavin_cli"}, "eventTime": "2021-04-01T20:00:58Z", "eventSource": "iam.amazonaws.com", "eventName": "DeleteGroup", "awsRegion": "us-east-1", "sourceIPAddress": "12.12.12.20", "userAgent": "aws-cli/2.0.62 Python/3.9.2 Darwin/19.6.0 source/x86_64 command/iam.delete-group", "errorCode": "NoSuchEntityException", "errorMessage": "The group with name AtomicRedTeam cannot be found.", "requestParameters": {"groupName": "AtomicRedTeam"}, "responseElements": null, "requestID": "430169c0-9e7a-4f57-92cf-3d178478d97c", "eventID": "756a5f6f-fa6b-4cdf-ac4a-ef5c2dae8f8c", "readOnly": false, "eventType": "AwsApiCall", "managementEvent": true, "eventCategory": "Management", "recipientAccountId": "121522247101"}
{"eventVersion": "1.08", "userIdentity": {"type": "IAMUser", "principalId": "AIDAYTOGP2RLEHRX5YWNV", "arn": "arn:aws:iam::121522247101:user/bhavin_cli", "accountId": "121522247101", "accessKeyId": "AKIAYTOGP2RLLAA6NJUM", "userName": "bhavin_cli"}, "eventTime": "2021-03-31T21:30:02Z", "eventSource": "iam.amazonaws.com", "eventName": "DeleteGroup", "awsRegion": "us-east-1", "sourceIPAddress": "12.12.12.20", "userAgent": "aws-cli/2.0.62 Python/3.9.2 Darwin/19.6.0 source/x86_64 command/iam.delete-group", "errorCode": "NoSuchEntityException", "errorMessage": "The group with name AtomicRedTeam cannot be found.", "requestParameters": {"groupName": "AtomicRedTeam"}, "responseElements": null, "requestID": "59971c29-b73b-4367-a782-5b6904a163b9", "eventID": "47961479-a7d7-4ff4-8ccf-013a3a642758", "readOnly": false, "eventType": "AwsApiCall", "managementEvent": true, "eventCategory": "Management", "recipientAccountId": "121522247101"}
{"eventVersion": "1.08", "userIdentity": {"type": "IAMUser", "principalId": "AIDAYTOGP2RLEHRX5YWNV", "arn": "arn:aws:iam::121522247101:user/bhavin_cli", "accountId": "121522247101", "accessKeyId": "AKIAYTOGP2RLLAA6NJUM", "userName": "bhavin_cli"}, "eventTime": "2021-03-29T19:56:44Z", "eventSource": "iam.amazonaws.com", "eventName": "DeleteGroup", "awsRegion": "us-east-1", "sourceIPAddress": "12.12.12.20", "userAgent": "aws-cli/2.0.62 Python/3.9.2 Darwin/19.6.0 source/x86_64 command/iam.delete-group", "errorCode": "NoSuchEntityException", "errorMessage": "The group with name AtomicRedTeam cannot be found.", "requestParameters": {"groupName": "AtomicRedTeam"}, "responseElements": null, "requestID": "c107294b-581b-4357-a0cf-b9dd332d94c6", "eventID": "2cf47334-ee81-4162-925b-35799a63da75", "readOnly": false, "eventType": "AwsApiCall", "managementEvent": true, "eventCategory": "Management", "recipientAccountId": "121522247101"}
{"eventVersion": "1.08", "userIdentity": {"type": "IAMUser", "principalId": "AIDAYTOGP2RLEHRX5YWNV", "arn": "arn:aws:iam::121522247101:user/bhavin_cli", "accountId": "121522247101", "accessKeyId": "AKIAYTOGP2RLLAA6NJUM", "userName": "bhavin_cli"}, "eventTime": "2021-03-17T18:32:56Z", "eventSource": "iam.amazonaws.com", "eventName": "DeleteGroup", "awsRegion": "us-east-1", "sourceIPAddress": "12.12.12.20", "userAgent": "aws-cli/2.0.62 Python/3.9.2 Darwin/19.6.0 source/x86_64 command/iam.delete-group", "errorCode": "NoSuchEntityException", "errorMessage": "The group with name AtomicRedTeam cannot be found.", "requestParameters": {"groupName": "AtomicRedTeam"}, "responseElements": null, "requestID": "fcfbcb45-1b87-4f29-a7db-af0b6728a462", "eventID": "1b2442ee-b956-48f0-a7f3-ee1e7900e222", "readOnly": false, "eventType": "AwsApiCall", "managementEvent": true, "eventCategory": "Management", "recipientAccountId": "121522247101"}
{"eventVersion": "1.08", "userIdentity": {"type": "IAMUser", "principalId": "AIDAYTOGP2RLEHRX5YWNV", "arn": "arn:aws:iam::121522247101:user/bhavin_cli", "accountId": "121522247101", "accessKeyId": "AKIAYTOGP2RLLAA6NJUM", "userName": "bhavin_cli"}, "eventTime": "2021-03-17T18:30:18Z", "eventSource": "iam.amazonaws.com", "eventName": "DeleteGroup", "awsRegion": "us-east-1", "sourceIPAddress": "12.12.12.20", "userAgent": "aws-cli/2.0.62 Python/3.9.2 Darwin/19.6.0 source/x86_64 command/iam.delete-group", "errorCode": "NoSuchEntityException", "errorMessage": "The group with name AtomicRedTeam cannot be found.", "requestParameters": {"groupName": "AtomicRedTeam"}, "responseElements": null, "requestID": "5b20ec8d-2a4a-405e-88f2-5b030ec429c8", "eventID": "f237b163-6969-4972-b6c2-2a5760925bfd", "readOnly": false, "eventType": "AwsApiCall", "managementEvent": true, "eventCategory": "Management", "recipientAccountId": "121522247101"}
{"eventVersion": "1.08", "userIdentity": {"type": "IAMUser", "principalId": "AIDAYTOGP2RLEHRX5YWNV", "arn": "arn:aws:iam::121522247101:user/bhavin_cli", "accountId": "121522247101", "accessKeyId": "AKIAYTOGP2RLLAA6NJUM", "userName": "bhavin_cli"}, "eventTime": "2021-03-17T18:26:20Z", "eventSource": "iam.amazonaws.com", "eventName": "DeleteGroup", "awsRegion": "us-east-1", "sourceIPAddress": "12.12.12.20", "userAgent": "aws-cli/2.0.62 Python/3.9.2 Darwin/19.6.0 source/x86_64 command/iam.delete-group", "errorCode": "NoSuchEntityException", "errorMessage": "The group with name AtomicRedTeam cannot be found.", "requestParameters": {"groupName": "AtomicRedTeam"}, "responseElements": null, "requestID": "70c56702-4a31-4739-a75e-09714cc7e16e", "eventID": "b742a3ac-eb85-4d26-9173-bd1c857484c9", "readOnly": false, "eventType": "AwsApiCall", "managementEvent": true, "eventCategory": "Management", "recipientAccountId": "121522247101"}
{"eventVersion": "1.08", "userIdentity": {"type": "IAMUser", "principalId": "AIDAYTOGP2RLEHRX5YWNV", "arn": "arn:aws:iam::121522247101:user/bhavin_cli", "accountId": "121522247101", "accessKeyId": "AKIAYTOGP2RLLAA6NJUM", "userName": "bhavin_cli"}, "eventTime": "2021-03-16T21:07:48Z", "eventSource": "iam.amazonaws.com", "eventName": "DeleteGroup", "awsRegion": "us-east-1", "sourceIPAddress": "12.12.12.20", "userAgent": "aws-cli/2.0.62 Python/3.9.2 Darwin/19.6.0 source/x86_64 command/iam.delete-group", "errorCode": "NoSuchEntityException", "errorMessage": "The group with name AtomicRedTeam cannot be found.", "requestParameters": {"groupName": "AtomicRedTeam"}, "responseElements": null, "requestID": "e892ea01-5c1a-42a1-a388-4e6efde75527", "eventID": "690a0876-9ae0-4558-a7fc-f9cfe68a8dfc", "readOnly": false, "eventType": "AwsApiCall", "managementEvent": true, "eventCategory": "Management", "recipientAccountId": "121522247101"}
{"eventVersion": "1.08", "userIdentity": {"type": "IAMUser", "principalId": "AIDAYTOGP2RLEHRX5YWNV", "arn": "arn:aws:iam::121522247101:user/bhavin_cli", "accountId": "121522247101", "accessKeyId": "AKIAYTOGP2RLLAA6NJUM", "userName": "bhavin_cli"}, "eventTime": "2021-03-16T19:56:15Z", "eventSource": "iam.amazonaws.com", "eventName": "DeleteGroup", "awsRegion": "us-east-1", "sourceIPAddress": "12.12.12.20", "userAgent": "aws-cli/2.0.62 Python/3.9.2 Darwin/19.6.0 source/x86_64 command/iam.delete-group", "errorCode": "NoSuchEntityException", "errorMessage": "The group with name AtomicRedTeam cannot be found.", "requestParameters": {"groupName": "AtomicRedTeam"}, "responseElements": null, "requestID": "c35dc6b9-a8ec-4e2f-af10-05b9bdfc5e0b", "eventID": "b0741699-58d6-439f-9d73-faf42311877c", "readOnly": false, "eventType": "AwsApiCall", "managementEvent": true, "eventCategory": "Management", "recipientAccountId": "121522247101"}
{"eventVersion": "1.08", "userIdentity": {"type": "IAMUser", "principalId": "AIDAYTOGP2RLEHRX5YWNV", "arn": "arn:aws:iam::121522247101:user/bhavin_cli", "accountId": "121522247101", "accessKeyId": "AKIAYTOGP2RLLAA6NJUM", "userName": "bhavin_cli"}, "eventTime": "2021-03-05T01:30:56Z", "eventSource": "iam.amazonaws.com", "eventName": "DeleteGroup", "awsRegion": "us-east-1", "sourceIPAddress": "12.12.12.20", "userAgent": "aws-cli/2.0.62 Python/3.9.2 Darwin/19.6.0 source/x86_64 command/iam.delete-group", "errorCode": "NoSuchEntityException", "errorMessage": "The group with name AtomicRedTeam cannot be found.", "requestParameters": {"groupName": "AtomicRedTeam"}, "responseElements": null, "requestID": "1a6093d7-c3be-4dc6-aeb6-cef41f87c61e", "eventID": "23f27a5d-637a-4eda-aba2-81a2c4c73dc8", "readOnly": false, "eventType": "AwsApiCall", "managementEvent": true, "eventCategory": "Management", "recipientAccountId": "121522247101"}
{"eventVersion": "1.08", "userIdentity": {"type": "IAMUser", "principalId": "AIDAYTOGP2RLEHRX5YWNV", "arn": "arn:aws:iam::121522247101:user/bhavin_cli", "accountId": "121522247101", "accessKeyId": "AKIAYTOGP2RLLAA6NJUM", "userName": "bhavin_cli"}, "eventTime": "2021-03-05T01:06:08Z", "eventSource": "iam.amazonaws.com", "eventName": "DeleteGroup", "awsRegion": "us-east-1", "sourceIPAddress": "12.12.12.20", "userAgent": "aws-cli/2.0.62 Python/3.9.2 Darwin/19.6.0 source/x86_64 command/iam.delete-group", "errorCode": "NoSuchEntityException", "errorMessage": "The group with name AtomicRedTeam cannot be found.", "requestParameters": {"groupName": "AtomicRedTeam"}, "responseElements": null, "requestID": "ce307846-0de0-4f42-adbe-28ff5ad413c0", "eventID": "eafbd0d8-12db-4948-9ee6-0aba95c9c71d", "readOnly": false, "eventType": "AwsApiCall", "managementEvent": true, "eventCategory": "Management", "recipientAccountId": "121522247101"}
{"eventVersion": "1.08", "userIdentity": {"type": "IAMUser", "principalId": "AIDAYTOGP2RLEHRX5YWNV", "arn": "arn:aws:iam::121522247101:user/bhavin_cli", "accountId": "121522247101", "accessKeyId": "AKIAYTOGP2RLLAA6NJUM", "userName": "bhavin_cli"}, "eventTime": "2021-03-05T00:59:55Z", "eventSource": "iam.amazonaws.com", "eventName": "DeleteGroup", "awsRegion": "us-east-1", "sourceIPAddress": "12.12.12.20", "userAgent": "aws-cli/2.0.62 Python/3.9.2 Darwin/19.6.0 source/x86_64 command/iam.delete-group", "errorCode": "NoSuchEntityException", "errorMessage": "The group with name AtomicRedTeam cannot be found.", "requestParameters": {"groupName": "AtomicRedTeam"}, "responseElements": null, "requestID": "7349ca04-2b2e-4227-800e-c349cb289776", "eventID": "f6ec29d5-ea30-4bb4-ac0e-148495399d80", "readOnly": false, "eventType": "AwsApiCall", "managementEvent": true, "eventCategory": "Management", "recipientAccountId": "121522247101"}
{"eventVersion": "1.08", "userIdentity": {"type": "IAMUser", "principalId": "AIDAYTOGP2RLEHRX5YWNV", "arn": "arn:aws:iam::121522247101:user/bhavin_cli", "accountId": "121522247101", "accessKeyId": "AKIAYTOGP2RLLAA6NJUM", "userName": "bhavin_cli"}, "eventTime": "2021-03-04T16:27:48Z", "eventSource": "iam.amazonaws.com", "eventName": "DeleteGroup", "awsRegion": "us-east-1", "sourceIPAddress": "12.12.12.20", "userAgent": "aws-cli/2.0.62 Python/3.9.2 Darwin/19.6.0 source/x86_64 command/iam.delete-group", "errorCode": "NoSuchEntityException", "errorMessage": "The group with name AtomicRedTeam cannot be found.", "requestParameters": {"groupName": "AtomicRedTeam"}, "responseElements": null, "requestID": "ecc13135-b542-4b05-bd66-950cfb2ed829", "eventID": "479d33ec-8f51-4d30-8743-5c29c749ded4", "readOnly": false, "eventType": "AwsApiCall", "managementEvent": true, "eventCategory": "Management", "recipientAccountId": "121522247101"}
{"eventVersion": "1.08", "userIdentity": {"type": "IAMUser", "principalId": "AIDAYTOGP2RLEHRX5YWNV", "arn": "arn:aws:iam::121522247101:user/bhavin_cli", "accountId": "121522247101", "accessKeyId": "AKIAYTOGP2RLLAA6NJUM", "userName": "bhavin_cli"}, "eventTime": "2021-03-02T21:17:21Z", "eventSource": "iam.amazonaws.com", "eventName": "DeleteGroup", "awsRegion": "us-east-1", "sourceIPAddress": "12.12.12.20", "userAgent": "aws-cli/2.0.62 Python/3.9.0 Darwin/19.6.0 source/x86_64 command/iam.delete-group", "errorCode": "NoSuchEntityException", "errorMessage": "The group with name AtomicRedTeam cannot be found.", "requestParameters": {"groupName": "AtomicRedTeam"}, "responseElements": null, "requestID": "9f83cd1e-007d-49c8-9b64-3e636b958e91", "eventID": "6201c902-819f-44e6-9fe5-36b69a33794a", "readOnly": false, "eventType": "AwsApiCall", "managementEvent": true, "eventCategory": "Management", "recipientAccountId": "121522247101"}
{"eventVersion": "1.08", "userIdentity": {"type": "IAMUser", "principalId": "AIDAYTOGP2RLEHRX5YWNV", "arn": "arn:aws:iam::121522247101:user/bhavin_cli", "accountId": "121522247101", "accessKeyId": "AKIAYTOGP2RLLAA6NJUM", "userName": "bhavin_cli"}, "eventTime": "2021-03-02T21:08:29Z", "eventSource": "iam.amazonaws.com", "eventName": "DeleteGroup", "awsRegion": "us-east-1", "sourceIPAddress": "12.12.12.20", "userAgent": "aws-cli/2.0.62 Python/3.9.0 Darwin/19.6.0 source/x86_64 command/iam.delete-group", "errorCode": "DeleteConflictException", "errorMessage": "Cannot delete entity, must remove users from group first.", "requestParameters": {"groupName": "AtomicRedTeam"}, "responseElements": null, "requestID": "001c7891-1d6a-440e-b662-d8e80818519a", "eventID": "4ff10ac6-6d20-4b9f-973a-34d904b80197", "readOnly": false, "eventType": "AwsApiCall", "managementEvent": true, "eventCategory": "Management", "recipientAccountId": "121522247101"}
{"eventVersion": "1.08", "userIdentity": {"type": "IAMUser", "principalId": "AIDAYTOGP2RLEHRX5YWNV", "arn": "arn:aws:iam::121522247101:user/bhavin_cli", "accountId": "121522247101", "accessKeyId": "AKIAYTOGP2RLNWREA6ND", "userName": "bhavin_cli"}, "eventTime": "2021-02-26T01:39:44Z", "eventSource": "iam.amazonaws.com", "eventName": "DeleteGroup", "awsRegion": "us-east-1", "sourceIPAddress": "12.12.12.20", "userAgent": "aws-cli/2.0.62 Python/3.9.0 Darwin/19.6.0 source/x86_64 command/iam.delete-group", "errorCode": "NoSuchEntityException", "errorMessage": "The group with name AtomicRedTeam cannot be found.", "requestParameters": {"groupName": "AtomicRedTeam"}, "responseElements": null, "requestID": "67cfadfc-7560-4d36-8e35-4bcaaa7006ac", "eventID": "836e7328-f131-4e81-a22e-f38e4dc21f26", "readOnly": false, "eventType": "AwsApiCall", "managementEvent": true, "eventCategory": "Management", "recipientAccountId": "121522247101"}
{"eventVersion": "1.08", "userIdentity": {"type": "IAMUser", "principalId": "AIDAYTOGP2RLEHRX5YWNV", "arn": "arn:aws:iam::121522247101:user/bhavin_cli", "accountId": "121522247101", "accessKeyId": "AKIAYTOGP2RLNWREA6ND", "userName": "bhavin_cli"}, "eventTime": "2021-02-26T01:27:08Z", "eventSource": "iam.amazonaws.com", "eventName": "DeleteGroup", "awsRegion": "us-east-1", "sourceIPAddress": "12.12.12.20", "userAgent": "aws-cli/2.0.62 Python/3.9.0 Darwin/19.6.0 source/x86_64 command/iam.delete-group", "errorCode": "NoSuchEntityException", "errorMessage": "The group with name AtomicRedTeam cannot be found.", "requestParameters": {"groupName": "AtomicRedTeam"}, "responseElements": null, "requestID": "9c71a6a3-31c6-47f9-a959-6096e2865af1", "eventID": "853f7ac0-dbae-4fa0-9af1-6c8129f5e3ad", "readOnly": false, "eventType": "AwsApiCall", "managementEvent": true, "eventCategory": "Management", "recipientAccountId": "121522247101"}
{"eventVersion": "1.08", "userIdentity": {"type": "IAMUser", "principalId": "AIDAYTOGP2RLEHRX5YWNV", "arn": "arn:aws:iam::121522247101:user/bhavin_cli", "accountId": "121522247101", "accessKeyId": "AKIAYTOGP2RLNWREA6ND", "userName": "bhavin_cli"}, "eventTime": "2021-02-26T01:25:22Z", "eventSource": "iam.amazonaws.com", "eventName": "DeleteGroup", "awsRegion": "us-east-1", "sourceIPAddress": "12.12.12.20", "userAgent": "aws-cli/2.0.62 Python/3.9.0 Darwin/19.6.0 source/x86_64 command/iam.delete-group", "errorCode": "NoSuchEntityException", "errorMessage": "The group with name AtomicRedTeam cannot be found.", "requestParameters": {"groupName": "AtomicRedTeam"}, "responseElements": null, "requestID": "6d86fc53-9b1e-420b-ae4f-b393e760b11a", "eventID": "3c3e9609-f957-4408-ac4e-b2c412ad92fc", "readOnly": false, "eventType": "AwsApiCall", "managementEvent": true, "eventCategory": "Management", "recipientAccountId": "121522247101"}
{"eventVersion": "1.08", "userIdentity": {"type": "IAMUser", "principalId": "AIDAYTOGP2RLEHRX5YWNV", "arn": "arn:aws:iam::121522247101:user/bhavin_cli", "accountId": "121522247101", "accessKeyId": "AKIAYTOGP2RLNWREA6ND", "userName": "bhavin_cli"}, "eventTime": "2021-02-26T01:24:18Z", "eventSource": "iam.amazonaws.com", "eventName": "DeleteGroup", "awsRegion": "us-east-1", "sourceIPAddress": "12.12.12.20", "userAgent": "aws-cli/2.0.62 Python/3.9.0 Darwin/19.6.0 source/x86_64 command/iam.delete-group", "errorCode": "NoSuchEntityException", "errorMessage": "The group with name AtomicRedTeam cannot be found.", "requestParameters": {"groupName": "AtomicRedTeam"}, "responseElements": null, "requestID": "64896e6c-72b8-4763-a183-8c68d87d5c17", "eventID": "b2f755ff-7bfe-4fdf-97d5-70426d5d9992", "readOnly": false, "eventType": "AwsApiCall", "managementEvent": true, "eventCategory": "Management", "recipientAccountId": "121522247101"}
{"eventVersion": "1.08", "userIdentity": {"type": "IAMUser", "principalId": "AIDAYTOGP2RLEHRX5YWNV", "arn": "arn:aws:iam::121522247101:user/bhavin_cli", "accountId": "121522247101", "accessKeyId": "AKIAYTOGP2RLNWREA6ND", "userName": "bhavin_cli"}, "eventTime": "2021-02-26T01:17:09Z", "eventSource": "iam.amazonaws.com", "eventName": "DeleteGroup", "awsRegion": "us-east-1", "sourceIPAddress": "12.12.12.20", "userAgent": "aws-cli/2.0.62 Python/3.9.0 Darwin/19.6.0 source/x86_64 command/iam.delete-group", "errorCode": "NoSuchEntityException", "errorMessage": "The group with name AtomicRedTeam cannot be found.", "requestParameters": {"groupName": "AtomicRedTeam"}, "responseElements": null, "requestID": "0e183d76-a7b8-4b61-9ade-8f1bf3f50fa6", "eventID": "e21edf34-e941-46b7-88ec-05a6df5b45d3", "readOnly": false, "eventType": "AwsApiCall", "managementEvent": true, "eventCategory": "Management", "recipientAccountId": "121522247101"}
{"eventVersion": "1.08", "userIdentity": {"type": "IAMUser", "principalId": "AIDAYTOGP2RLEHRX5YWNV", "arn": "arn:aws:iam::121522247101:user/bhavin_cli", "accountId": "121522247101", "accessKeyId": "AKIAYTOGP2RLNWREA6ND", "userName": "bhavin_cli"}, "eventTime": "2021-02-26T01:13:29Z", "eventSource": "iam.amazonaws.com", "eventName": "DeleteGroup", "awsRegion": "us-east-1", "sourceIPAddress": "12.12.12.20", "userAgent": "aws-cli/2.0.62 Python/3.9.0 Darwin/19.6.0 source/x86_64 command/iam.delete-group", "errorCode": "NoSuchEntityException", "errorMessage": "The group with name AtomicRedTeam cannot be found.", "requestParameters": {"groupName": "AtomicRedTeam"}, "responseElements": null, "requestID": "4489ab9c-259a-4257-a424-d3704accfc51", "eventID": "5ce7c4e6-d2b1-4b56-9f6c-f3d89b583a57", "readOnly": false, "eventType": "AwsApiCall", "managementEvent": true, "eventCategory": "Management", "recipientAccountId": "121522247101"}
{"eventVersion": "1.08", "userIdentity": {"type": "IAMUser", "principalId": "AIDAYTOGP2RLEHRX5YWNV", "arn": "arn:aws:iam::121522247101:user/bhavin_cli", "accountId": "121522247101", "accessKeyId": "AKIAYTOGP2RLNWREA6ND", "userName": "bhavin_cli"}, "eventTime": "2021-02-26T01:06:17Z", "eventSource": "iam.amazonaws.com", "eventName": "DeleteGroup", "awsRegion": "us-east-1", "sourceIPAddress": "12.12.12.20", "userAgent": "aws-cli/2.0.62 Python/3.9.0 Darwin/19.6.0 source/x86_64 command/iam.delete-group", "errorCode": "NoSuchEntityException", "errorMessage": "The group with name AtomicRedTeam cannot be found.", "requestParameters": {"groupName": "AtomicRedTeam"}, "responseElements": null, "requestID": "c3e4e507-d2f3-4dac-b7e4-8748e3be6b0c", "eventID": "c5ef5e39-44b0-46ec-8723-4ae544bb0a3d", "readOnly": false, "eventType": "AwsApiCall", "managementEvent": true, "eventCategory": "Management", "recipientAccountId": "121522247101"}
{"eventVersion": "1.08", "userIdentity": {"type": "IAMUser", "principalId": "AIDAYTOGP2RLEHRX5YWNV", "arn": "arn:aws:iam::121522247101:user/bhavin_cli", "accountId": "121522247101", "accessKeyId": "AKIAYTOGP2RLNWREA6ND", "userName": "bhavin_cli"}, "eventTime": "2021-02-26T01:02:47Z", "eventSource": "iam.amazonaws.com", "eventName": "DeleteGroup", "awsRegion": "us-east-1", "sourceIPAddress": "12.12.12.20", "userAgent": "aws-cli/2.0.62 Python/3.9.0 Darwin/19.6.0 source/x86_64 command/iam.delete-group", "errorCode": "NoSuchEntityException", "errorMessage": "The group with name AtomicRedTeam cannot be found.", "requestParameters": {"groupName": "AtomicRedTeam"}, "responseElements": null, "requestID": "f2b2e95a-2708-4c0d-8f6e-ec3cdedffdea", "eventID": "67e66e65-f4e9-4a1a-b438-b00937e5139c", "readOnly": false, "eventType": "AwsApiCall", "managementEvent": true, "eventCategory": "Management", "recipientAccountId": "121522247101"}
{"eventVersion": "1.08", "userIdentity": {"type": "IAMUser", "principalId": "AIDAYTOGP2RLEHRX5YWNV", "arn": "arn:aws:iam::121522247101:user/bhavin_cli", "accountId": "121522247101", "accessKeyId": "AKIAYTOGP2RLNWREA6ND", "userName": "bhavin_cli"}, "eventTime": "2021-02-26T00:59:29Z", "eventSource": "iam.amazonaws.com", "eventName": "DeleteGroup", "awsRegion": "us-east-1", "sourceIPAddress": "12.12.12.20", "userAgent": "aws-cli/2.0.62 Python/3.9.0 Darwin/19.6.0 source/x86_64 command/iam.delete-group", "errorCode": "NoSuchEntityException", "errorMessage": "The group with name AtomicRedTeam cannot be found.", "requestParameters": {"groupName": "AtomicRedTeam"}, "responseElements": null, "requestID": "a567f0e3-ecb4-4c2c-8d09-c6e3629522aa", "eventID": "250967f3-f521-4963-93bb-a5a6c7212eb1", "readOnly": false, "eventType": "AwsApiCall", "managementEvent": true, "eventCategory": "Management", "recipientAccountId": "121522247101"}
{"eventVersion": "1.08", "userIdentity": {"type": "IAMUser", "principalId": "AIDAYTOGP2RLEHRX5YWNV", "arn": "arn:aws:iam::121522247101:user/bhavin_cli", "accountId": "121522247101", "accessKeyId": "AKIAYTOGP2RLNWREA6ND", "userName": "bhavin_cli"}, "eventTime": "2021-02-25T22:10:22Z", "eventSource": "iam.amazonaws.com", "eventName": "DeleteGroup", "awsRegion": "us-east-1", "sourceIPAddress": "12.12.12.20", "userAgent": "aws-cli/2.0.62 Python/3.9.0 Darwin/19.6.0 source/x86_64 command/iam.delete-group", "errorCode": "NoSuchEntityException", "errorMessage": "The group with name AtomicRedTeam cannot be found.", "requestParameters": {"groupName": "AtomicRedTeam"}, "responseElements": null, "requestID": "a522d3b5-c27d-4551-b2eb-6e29f5779ffa", "eventID": "2f526bc8-5ff1-408c-8dc3-646b166d15a9", "readOnly": false, "eventType": "AwsApiCall", "managementEvent": true, "eventCategory": "Management", "recipientAccountId": "121522247101"}
{"eventVersion": "1.08", "userIdentity": {"type": "IAMUser", "principalId": "AIDAYTOGP2RLEHRX5YWNV", "arn": "arn:aws:iam::121522247101:user/bhavin_cli", "accountId": "121522247101", "accessKeyId": "AKIAYTOGP2RLNWREA6ND", "userName": "bhavin_cli"}, "eventTime": "2021-02-25T03:02:27Z", "eventSource": "iam.amazonaws.com", "eventName": "DeleteGroup", "awsRegion": "us-east-1", "sourceIPAddress": "12.12.12.20", "userAgent": "aws-cli/2.0.62 Python/3.9.0 Darwin/19.6.0 source/x86_64 command/iam.delete-group", "errorCode": "NoSuchEntityException", "errorMessage": "The group with name AtomicRedTeam cannot be found.", "requestParameters": {"groupName": "AtomicRedTeam"}, "responseElements": null, "requestID": "629c3975-f34c-4f1f-b5df-1db8eaddad6e", "eventID": "29527c55-5714-4dfa-907a-3cda35e52635", "readOnly": false, "eventType": "AwsApiCall", "managementEvent": true, "eventCategory": "Management", "recipientAccountId": "121522247101"}
{"eventVersion": "1.08", "userIdentity": {"type": "IAMUser", "principalId": "AIDAYTOGP2RLEHRX5YWNV", "arn": "arn:aws:iam::121522247101:user/bhavin_cli", "accountId": "121522247101", "accessKeyId": "AKIAYTOGP2RLNWREA6ND", "userName": "bhavin_cli"}, "eventTime": "2021-02-25T00:55:56Z", "eventSource": "iam.amazonaws.com", "eventName": "DeleteGroup", "awsRegion": "us-east-1", "sourceIPAddress": "12.12.12.20", "userAgent": "aws-cli/2.0.62 Python/3.9.0 Darwin/19.6.0 source/x86_64 command/iam.delete-group", "errorCode": "AccessDenied", "errorMessage": "User: arn:aws:iam::121522247101:user/bhavin_cli is not authorized to perform: iam:DeleteGroup on resource: group AtomicRedTeam with an explicit deny", "requestParameters": null, "responseElements": null, "requestID": "285d10c5-fde2-4a63-82c2-b59a71e5df79", "eventID": "5a71159e-6a21-4c2f-9d0c-f75274dc3b2e", "readOnly": false, "eventType": "AwsApiCall", "managementEvent": true, "eventCategory": "Management", "recipientAccountId": "121522247101"}
{"eventVersion": "1.08", "userIdentity": {"type": "IAMUser", "principalId": "AIDAYTOGP2RLEHRX5YWNV", "arn": "arn:aws:iam::121522247101:user/bhavin_cli", "accountId": "121522247101", "accessKeyId": "AKIAYTOGP2RLNWREA6ND", "userName": "bhavin_cli"}, "eventTime": "2021-02-25T00:06:44Z", "eventSource": "iam.amazonaws.com", "eventName": "DeleteGroup", "awsRegion": "us-east-1", "sourceIPAddress": "12.12.12.20", "userAgent": "aws-cli/2.0.62 Python/3.9.0 Darwin/19.6.0 source/x86_64 command/iam.delete-group", "errorCode": "NoSuchEntityException", "errorMessage": "The group with name AtomicRedTeam cannot be found.", "requestParameters": {"groupName": "AtomicRedTeam"}, "responseElements": null, "requestID": "fcf69a47-e639-4eb6-aab4-e52a895b5874", "eventID": "75031d31-c327-4484-bfa5-ee11b9d31e60", "readOnly": false, "eventType": "AwsApiCall", "managementEvent": true, "eventCategory": "Management", "recipientAccountId": "121522247101"}
{"eventVersion": "1.08", "userIdentity": {"type": "IAMUser", "principalId": "AIDAYTOGP2RLEHRX5YWNV", "arn": "arn:aws:iam::121522247101:user/bhavin_cli", "accountId": "121522247101", "accessKeyId": "AKIAYTOGP2RLNWREA6ND", "userName": "bhavin_cli"}, "eventTime": "2021-02-25T00:06:13Z", "eventSource": "iam.amazonaws.com", "eventName": "DeleteGroup", "awsRegion": "us-east-1", "sourceIPAddress": "12.12.12.20", "userAgent": "aws-cli/2.0.62 Python/3.9.0 Darwin/19.6.0 source/x86_64 command/iam.delete-group", "errorCode": "NoSuchEntityException", "errorMessage": "The group with name AtomicRedTeam cannot be found.", "requestParameters": {"groupName": "AtomicRedTeam"}, "responseElements": null, "requestID": "42275d38-3cbc-4924-92f1-d716c921c465", "eventID": "4e21ac3a-dff2-43fa-a768-2a41a5184442", "readOnly": false, "eventType": "AwsApiCall", "managementEvent": true, "eventCategory": "Management", "recipientAccountId": "121522247101"}
{"eventVersion": "1.08", "userIdentity": {"type": "IAMUser", "principalId": "AIDAYTOGP2RLEHRX5YWNV", "arn": "arn:aws:iam::121522247101:user/bhavin_cli", "accountId": "121522247101", "accessKeyId": "AKIAYTOGP2RLNWREA6ND", "userName": "bhavin_cli"}, "eventTime": "2021-02-24T22:55:52Z", "eventSource": "iam.amazonaws.com", "eventName": "DeleteGroup", "awsRegion": "us-east-1", "sourceIPAddress": "12.12.12.20", "userAgent": "aws-cli/2.0.62 Python/3.9.0 Darwin/19.6.0 source/x86_64 command/iam.delete-group", "errorCode": "NoSuchEntityException", "errorMessage": "The group with name AtomicRedTeam cannot be found.", "requestParameters": {"groupName": "AtomicRedTeam"}, "responseElements": null, "requestID": "76ff96f8-ed1d-44fb-ae58-b21b51e79722", "eventID": "0bced0b5-aea1-487a-9560-6ebadb9e3c1e", "readOnly": false, "eventType": "AwsApiCall", "managementEvent": true, "eventCategory": "Management", "recipientAccountId": "121522247101"}
{"eventVersion": "1.08", "userIdentity": {"type": "IAMUser", "principalId": "AIDAYTOGP2RLEHRX5YWNV", "arn": "arn:aws:iam::121522247101:user/bhavin_cli", "accountId": "121522247101", "accessKeyId": "AKIAYTOGP2RLNWREA6ND", "userName": "bhavin_cli"}, "eventTime": "2021-02-24T22:41:11Z", "eventSource": "iam.amazonaws.com", "eventName": "DeleteGroup", "awsRegion": "us-east-1", "sourceIPAddress": "12.12.12.20", "userAgent": "aws-cli/2.0.62 Python/3.9.0 Darwin/19.6.0 source/x86_64 command/iam.delete-group", "errorCode": "NoSuchEntityException", "errorMessage": "The group with name AtomicRedTeam cannot be found.", "requestParameters": {"groupName": "AtomicRedTeam"}, "responseElements": null, "requestID": "a3e60d24-2d70-41c7-87a3-d89ddc32c7fc", "eventID": "f99fb960-31f4-46b5-b469-4dca520ac693", "readOnly": false, "eventType": "AwsApiCall", "managementEvent": true, "eventCategory": "Management", "recipientAccountId": "121522247101"}
{"eventVersion": "1.08", "userIdentity": {"type": "IAMUser", "principalId": "AIDAYTOGP2RLEHRX5YWNV", "arn": "arn:aws:iam::121522247101:user/bhavin_cli", "accountId": "121522247101", "accessKeyId": "AKIAYTOGP2RLNWREA6ND", "userName": "bhavin_cli"}, "eventTime": "2021-02-24T22:34:06Z", "eventSource": "iam.amazonaws.com", "eventName": "DeleteGroup", "awsRegion": "us-east-1", "sourceIPAddress": "12.12.12.20", "userAgent": "aws-cli/2.0.62 Python/3.9.0 Darwin/19.6.0 source/x86_64 command/iam.delete-group", "errorCode": "NoSuchEntityException", "errorMessage": "The group with name AtomicRedTeam cannot be found.", "requestParameters": {"groupName": "AtomicRedTeam"}, "responseElements": null, "requestID": "96e33e9c-34db-4407-90f1-93ebb5879bf1", "eventID": "2b4cda08-e54b-418f-81ac-a76b3d6aa68a", "readOnly": false, "eventType": "AwsApiCall", "managementEvent": true, "eventCategory": "Management", "recipientAccountId": "121522247101"}
{"eventVersion": "1.08", "userIdentity": {"type": "IAMUser", "principalId": "AIDAYTOGP2RLEHRX5YWNV", "arn": "arn:aws:iam::121522247101:user/bhavin_cli", "accountId": "121522247101", "accessKeyId": "AKIAYTOGP2RLNWREA6ND", "userName": "bhavin_cli"}, "eventTime": "2021-02-24T22:33:06Z", "eventSource": "iam.amazonaws.com", "eventName": "DeleteGroup", "awsRegion": "us-east-1", "sourceIPAddress": "12.12.12.20", "userAgent": "aws-cli/2.0.62 Python/3.9.0 Darwin/19.6.0 source/x86_64 command/iam.delete-group", "errorCode": "NoSuchEntityException", "errorMessage": "The group with name AtomicRedTeam cannot be found.", "requestParameters": {"groupName": "AtomicRedTeam"}, "responseElements": null, "requestID": "6a92ad61-3e85-4fec-8d9d-988aa29cce66", "eventID": "5e8640a3-fcee-4b60-8e01-a1269c55c646", "readOnly": false, "eventType": "AwsApiCall", "managementEvent": true, "eventCategory": "Management", "recipientAccountId": "121522247101"}
{"eventVersion": "1.08", "userIdentity": {"type": "IAMUser", "principalId": "AIDAYTOGP2RLEHRX5YWNV", "arn": "arn:aws:iam::121522247101:user/bhavin_cli", "accountId": "121522247101", "accessKeyId": "AKIAYTOGP2RLNWREA6ND", "userName": "bhavin_cli"}, "eventTime": "2021-02-24T22:30:15Z", "eventSource": "iam.amazonaws.com", "eventName": "DeleteGroup", "awsRegion": "us-east-1", "sourceIPAddress": "12.12.12.20", "userAgent": "aws-cli/2.0.62 Python/3.9.0 Darwin/19.6.0 source/x86_64 command/iam.delete-group", "errorCode": "NoSuchEntityException", "errorMessage": "The group with name AtomicRedTeam cannot be found.", "requestParameters": {"groupName": "AtomicRedTeam"}, "responseElements": null, "requestID": "b42fdb20-9a5b-437f-ae4c-e9680cbb007b", "eventID": "67283238-6328-4b05-9873-f18d85ae82a5", "readOnly": false, "eventType": "AwsApiCall", "managementEvent": true, "eventCategory": "Management", "recipientAccountId": "121522247101"}
{"eventVersion": "1.08", "userIdentity": {"type": "IAMUser", "principalId": "AIDAYTOGP2RLEHRX5YWNV", "arn": "arn:aws:iam::121522247101:user/bhavin_cli", "accountId": "121522247101", "accessKeyId": "AKIAYTOGP2RLNWREA6ND", "userName": "bhavin_cli"}, "eventTime": "2021-02-24T22:27:45Z", "eventSource": "iam.amazonaws.com", "eventName": "DeleteGroup", "awsRegion": "us-east-1", "sourceIPAddress": "12.12.12.20", "userAgent": "aws-cli/2.0.62 Python/3.9.0 Darwin/19.6.0 source/x86_64 command/iam.delete-group", "errorCode": "NoSuchEntityException", "errorMessage": "The group with name AtomicRedTeam cannot be found.", "requestParameters": {"groupName": "AtomicRedTeam"}, "responseElements": null, "requestID": "59d7e6d0-51c3-477a-8c02-2d3be0293ce3", "eventID": "128eaa2c-7526-4262-9f36-08c5878756b8", "readOnly": false, "eventType": "AwsApiCall", "managementEvent": true, "eventCategory": "Management", "recipientAccountId": "121522247101"}
{"eventVersion": "1.08", "userIdentity": {"type": "IAMUser", "principalId": "AIDAYTOGP2RLEHRX5YWNV", "arn": "arn:aws:iam::121522247101:user/bhavin_cli", "accountId": "121522247101", "accessKeyId": "AKIAYTOGP2RLNWREA6ND", "userName": "bhavin_cli"}, "eventTime": "2021-02-24T22:27:14Z", "eventSource": "iam.amazonaws.com", "eventName": "DeleteGroup", "awsRegion": "us-east-1", "sourceIPAddress": "12.12.12.20", "userAgent": "aws-cli/2.0.62 Python/3.9.0 Darwin/19.6.0 source/x86_64 command/iam.delete-group", "errorCode": "NoSuchEntityException", "errorMessage": "The group with name AtomicRedTeam cannot be found.", "requestParameters": {"groupName": "AtomicRedTeam"}, "responseElements": null, "requestID": "e2df2b93-bec6-4b41-ba9e-5107a6b83b53", "eventID": "cd72502e-3228-460a-88c0-b3b2e51e1b15", "readOnly": false, "eventType": "AwsApiCall", "managementEvent": true, "eventCategory": "Management", "recipientAccountId": "121522247101"}
{"eventVersion": "1.08", "userIdentity": {"type": "IAMUser", "principalId": "AIDAYTOGP2RLEHRX5YWNV", "arn": "arn:aws:iam::121522247101:user/bhavin_cli", "accountId": "121522247101", "accessKeyId": "AKIAYTOGP2RLNWREA6ND", "userName": "bhavin_cli"}, "eventTime": "2021-02-24T22:08:49Z", "eventSource": "iam.amazonaws.com", "eventName": "DeleteGroup", "awsRegion": "us-east-1", "sourceIPAddress": "12.12.12.20", "userAgent": "aws-cli/2.0.62 Python/3.9.0 Darwin/19.6.0 source/x86_64 command/iam.delete-group", "errorCode": "DeleteConflictException", "errorMessage": "Cannot delete entity, must detach all policies first.", "requestParameters": {"groupName": "AtomicRedTeam"}, "responseElements": null, "requestID": "43cba542-f046-489d-bd05-6e22c578bf0a", "eventID": "6e795c80-9859-49ce-8913-8398b552a009", "readOnly": false, "eventType": "AwsApiCall", "managementEvent": true, "eventCategory": "Management", "recipientAccountId": "121522247101"}
{"eventVersion": "1.08", "userIdentity": {"type": "IAMUser", "principalId": "AIDAYTOGP2RLEHRX5YWNV", "arn": "arn:aws:iam::121522247101:user/bhavin_cli", "accountId": "121522247101", "accessKeyId": "AKIAYTOGP2RLNWREA6ND", "userName": "bhavin_cli"}, "eventTime": "2021-02-24T22:08:04Z", "eventSource": "iam.amazonaws.com", "eventName": "DeleteGroup", "awsRegion": "us-east-1", "sourceIPAddress": "12.12.12.20", "userAgent": "aws-cli/2.0.62 Python/3.9.0 Darwin/19.6.0 source/x86_64 command/iam.delete-group", "errorCode": "NoSuchEntityException", "errorMessage": "The group with name AtomicRedTeam cannot be found.", "requestParameters": {"groupName": "AtomicRedTeam"}, "responseElements": null, "requestID": "657e3950-8a31-452a-a162-8cb6f6b515de", "eventID": "cb65828c-fe99-4d9b-918a-460039bc0841", "readOnly": false, "eventType": "AwsApiCall", "managementEvent": true, "eventCategory": "Management", "recipientAccountId": "121522247101"}
{"eventVersion": "1.08", "userIdentity": {"type": "IAMUser", "principalId": "AIDAYTOGP2RLEHRX5YWNV", "arn": "arn:aws:iam::121522247101:user/bhavin_cli", "accountId": "121522247101", "accessKeyId": "AKIAYTOGP2RLNWREA6ND", "userName": "bhavin_cli"}, "eventTime": "2021-02-24T22:05:37Z", "eventSource": "iam.amazonaws.com", "eventName": "DeleteGroup", "awsRegion": "us-east-1", "sourceIPAddress": "12.12.12.20", "userAgent": "aws-cli/2.0.62 Python/3.9.0 Darwin/19.6.0 source/x86_64 command/iam.delete-group", "errorCode": "DeleteConflictException", "errorMessage": "Cannot delete entity, must remove users from group first.", "requestParameters": {"groupName": "AtomicRedTeam"}, "responseElements": null, "requestID": "4eab0026-8342-4ee1-8209-97af88ea8437", "eventID": "5d3f0c30-75cc-4997-aa9c-909c57f8babf", "readOnly": false, "eventType": "AwsApiCall", "managementEvent": true, "eventCategory": "Management", "recipientAccountId": "121522247101"}
{"eventVersion": "1.08", "userIdentity": {"type": "IAMUser", "principalId": "AIDAYTOGP2RLEHRX5YWNV", "arn": "arn:aws:iam::121522247101:user/bhavin_cli", "accountId": "121522247101", "accessKeyId": "AKIAYTOGP2RLNWREA6ND", "userName": "bhavin_cli"}, "eventTime": "2021-02-24T22:02:13Z", "eventSource": "iam.amazonaws.com", "eventName": "DeleteGroup", "awsRegion": "us-east-1", "sourceIPAddress": "12.12.12.20", "userAgent": "aws-cli/2.0.62 Python/3.9.0 Darwin/19.6.0 source/x86_64 command/iam.delete-group", "errorCode": "DeleteConflictException", "errorMessage": "Cannot delete entity, must detach all policies first.", "requestParameters": {"groupName": "AtomicRedTeam"}, "responseElements": null, "requestID": "42f0e65c-ec80-4a4f-9e56-9627c5142b36", "eventID": "099b05d1-4951-47f7-a0dc-151caf2f09a4", "readOnly": false, "eventType": "AwsApiCall", "managementEvent": true, "eventCategory": "Management", "recipientAccountId": "121522247101"}
