{"eventVersion": "1.08", "userIdentity": {"type": "AssumedRole", "principalId": "AROAIJIESMXKGCJRCTPR6:bpatel@splunk.local", "arn": "arn:aws:sts::591511147606:assumed-role/okta_adm_role/bpatel@splunk.local", "accountId": "591511147606", "sessionContext": {"sessionIssuer": {"type": "Role", "principalId": "AROAIJIESMXKGCJRCTPR6", "arn": "arn:aws:iam::591511147606:role/okta_adm_role", "accountId": "591511147606", "userName": "okta_adm_role"}, "webIdFederationData": {}, "attributes": {"mfaAuthenticated": "false", "creationDate": "2021-03-17T18:31:49Z"}}}, "eventTime": "2021-03-17T18:31:50Z", "eventSource": "signin.amazonaws.com", "eventName": "ConsoleLogin", "awsRegion": "us-east-1", "sourceIPAddress": "73.15.72.101", "userAgent": "Mozilla/5.0 (Macintosh; Intel Mac OS X 10_15_7) AppleWebKit/537.36 (KHTML, like Gecko) Chrome/88.0.4324.192 Safari/537.36", "requestParameters": null, "responseElements": {"ConsoleLogin": "Success"}, "additionalEventData": {"MobileVersion": "No", "MFAUsed": "No"}, "eventID": "e0125d5e-0759-43ed-93a9-222252b03142", "readOnly": false, "eventType": "AwsConsoleSignIn", "managementEvent": true, "eventCategory": "Management", "recipientAccountId": "591511147606"}
{"eventVersion": "1.08", "userIdentity": {"type": "AssumedRole", "principalId": "AROAIJIESMXKGCJRCTPR6:bpatel@splunk.local", "arn": "arn:aws:sts::591511147606:assumed-role/okta_adm_role/bpatel@splunk.local", "accountId": "591511147606", "sessionContext": {"sessionIssuer": {"type": "Role", "principalId": "AROAIJIESMXKGCJRCTPR6", "arn": "arn:aws:iam::591511147606:role/okta_adm_role", "accountId": "591511147606", "userName": "okta_adm_role"}, "webIdFederationData": {}, "attributes": {"mfaAuthenticated": "false", "creationDate": "2021-03-16T15:40:47Z"}}}, "eventTime": "2021-03-16T15:40:48Z", "eventSource": "signin.amazonaws.com", "eventName": "ConsoleLogin", "awsRegion": "us-east-1", "sourceIPAddress": "73.15.72.101", "userAgent": "Mozilla/5.0 (Macintosh; Intel Mac OS X 10_15_7) AppleWebKit/537.36 (KHTML, like Gecko) Chrome/88.0.4324.192 Safari/537.36", "requestParameters": null, "responseElements": {"ConsoleLogin": "Success"}, "additionalEventData": {"MobileVersion": "No", "MFAUsed": "No"}, "eventID": "9a9449de-463e-45fe-96b5-c3b1bebd1d6e", "readOnly": false, "eventType": "AwsConsoleSignIn", "managementEvent": true, "eventCategory": "Management", "recipientAccountId": "591511147606"}
{"eventVersion": "1.08", "userIdentity": {"type": "AssumedRole", "principalId": "AROAIJIESMXKGCJRCTPR6:bpatel@splunk.local", "arn": "arn:aws:sts::591511147606:assumed-role/okta_adm_role/bpatel@splunk.local", "accountId": "591511147606", "sessionContext": {"sessionIssuer": {"type": "Role", "principalId": "AROAIJIESMXKGCJRCTPR6", "arn": "arn:aws:iam::591511147606:role/okta_adm_role", "accountId": "591511147606", "userName": "okta_adm_role"}, "webIdFederationData": {}, "attributes": {"mfaAuthenticated": "false", "creationDate": "2021-03-08T21:57:54Z"}}}, "eventTime": "2021-03-08T21:57:55Z", "eventSource": "signin.amazonaws.com", "eventName": "ConsoleLogin", "awsRegion": "us-east-1", "sourceIPAddress": "73.15.72.101", "userAgent": "Mozilla/5.0 (Macintosh; Intel Mac OS X 10_15_7) AppleWebKit/537.36 (KHTML, like Gecko) Chrome/88.0.4324.192 Safari/537.36", "requestParameters": null, "responseElements": {"ConsoleLogin": "Success"}, "additionalEventData": {"MobileVersion": "No", "MFAUsed": "No"}, "eventID": "e40ec7f1-f0c4-43df-8c7e-94bd56061320", "readOnly": false, "eventType": "AwsConsoleSignIn", "managementEvent": true, "eventCategory": "Management", "recipientAccountId": "591511147606"}
{"eventVersion": "1.08", "userIdentity": {"type": "AssumedRole", "principalId": "AROAIJIESMXKGCJRCTPR6:bpatel@splunk.local", "arn": "arn:aws:sts::591511147606:assumed-role/okta_adm_role/bpatel@splunk.local", "accountId": "591511147606", "sessionContext": {"sessionIssuer": {"type": "Role", "principalId": "AROAIJIESMXKGCJRCTPR6", "arn": "arn:aws:iam::591511147606:role/okta_adm_role", "accountId": "591511147606", "userName": "okta_adm_role"}, "webIdFederationData": {}, "attributes": {"mfaAuthenticated": "false", "creationDate": "2021-03-08T21:47:56Z"}}}, "eventTime": "2021-03-08T21:47:58Z", "eventSource": "signin.amazonaws.com", "eventName": "ConsoleLogin", "awsRegion": "us-east-1", "sourceIPAddress": "73.15.72.101", "userAgent": "Mozilla/5.0 (Macintosh; Intel Mac OS X 10_15_7) AppleWebKit/537.36 (KHTML, like Gecko) Chrome/88.0.4324.192 Safari/537.36", "requestParameters": null, "responseElements": {"ConsoleLogin": "Success"}, "additionalEventData": {"MobileVersion": "No", "MFAUsed": "No"}, "eventID": "78ea55e7-db0a-43d9-979d-16a19f4e02c9", "readOnly": false, "eventType": "AwsConsoleSignIn", "managementEvent": true, "eventCategory": "Management", "recipientAccountId": "591511147606"}
{"eventVersion": "1.08", "userIdentity": {"type": "AssumedRole", "principalId": "AROAIJIESMXKGCJRCTPR6:bpatel@splunk.local", "arn": "arn:aws:sts::591511147606:assumed-role/okta_adm_role/bpatel@splunk.local", "accountId": "591511147606", "sessionContext": {"sessionIssuer": {"type": "Role", "principalId": "AROAIJIESMXKGCJRCTPR6", "arn": "arn:aws:iam::591511147606:role/okta_adm_role", "accountId": "591511147606", "userName": "okta_adm_role"}, "webIdFederationData": {}, "attributes": {"mfaAuthenticated": "false", "creationDate": "2021-03-08T16:58:28Z"}}}, "eventTime": "2021-03-08T16:58:29Z", "eventSource": "signin.amazonaws.com", "eventName": "ConsoleLogin", "awsRegion": "us-east-1", "sourceIPAddress": "73.15.72.101", "userAgent": "Mozilla/5.0 (Macintosh; Intel Mac OS X 10_15_7) AppleWebKit/537.36 (KHTML, like Gecko) Chrome/88.0.4324.192 Safari/537.36", "requestParameters": null, "responseElements": {"ConsoleLogin": "Success"}, "additionalEventData": {"MobileVersion": "No", "MFAUsed": "No"}, "eventID": "4d6a2190-9fcb-484c-a765-c7faacb3fb01", "readOnly": false, "eventType": "AwsConsoleSignIn", "managementEvent": true, "eventCategory": "Management", "recipientAccountId": "591511147606"}
{"eventVersion": "1.08", "userIdentity": {"type": "AssumedRole", "principalId": "AROAIJIESMXKGCJRCTPR6:bpatel@splunk.local", "arn": "arn:aws:sts::591511147606:assumed-role/okta_adm_role/bpatel@splunk.local", "accountId": "591511147606", "sessionContext": {"sessionIssuer": {"type": "Role", "principalId": "AROAIJIESMXKGCJRCTPR6", "arn": "arn:aws:iam::591511147606:role/okta_adm_role", "accountId": "591511147606", "userName": "okta_adm_role"}, "webIdFederationData": {}, "attributes": {"mfaAuthenticated": "false", "creationDate": "2021-03-05T19:14:46Z"}}}, "eventTime": "2021-03-05T19:14:47Z", "eventSource": "signin.amazonaws.com", "eventName": "ConsoleLogin", "awsRegion": "us-east-1", "sourceIPAddress": "73.15.72.101", "userAgent": "Mozilla/5.0 (Macintosh; Intel Mac OS X 10_15_7) AppleWebKit/537.36 (KHTML, like Gecko) Chrome/88.0.4324.192 Safari/537.36", "requestParameters": null, "responseElements": {"ConsoleLogin": "Success"}, "additionalEventData": {"MobileVersion": "No", "MFAUsed": "No"}, "eventID": "eedd2f5f-1039-483a-8944-643f56e3adc8", "readOnly": false, "eventType": "AwsConsoleSignIn", "managementEvent": true, "eventCategory": "Management", "recipientAccountId": "591511147606"}
{"eventVersion": "1.08", "userIdentity": {"type": "IAMUser", "principalId": "AIDAYTOGP2RLEHRX5YWNV", "arn": "arn:aws:iam::591511147606:user/bhavin_cli", "accountId": "591511147606", "accessKeyId": "AKIAYTOGP2RLLAA6NJUM", "userName": "bhavin_cli"}, "eventTime": "2021-03-05T01:02:38Z", "eventSource": "iam.amazonaws.com", "eventName": "CreateLoginProfile", "awsRegion": "us-east-1", "sourceIPAddress": "73.15.72.101", "userAgent": "aws-cli/2.0.62 Python/3.9.2 Darwin/19.6.0 source/x86_64 command/iam.create-login-profile", "requestParameters": {"userName": "AtomicRedTeam", "passwordResetRequired": false}, "responseElements": {"loginProfile": {"userName": "AtomicRedTeam", "createDate": "Mar 5, 2021 1:02:38 AM", "passwordResetRequired": false}}, "requestID": "f1b90364-8aed-4559-96cf-f5f2009bb7cb", "eventID": "ffb76906-6dd1-4219-adfe-e26b92036a1e", "readOnly": false, "eventType": "AwsApiCall", "managementEvent": true, "eventCategory": "Management", "recipientAccountId": "591511147606"}
{"eventVersion": "1.08", "userIdentity": {"type": "AssumedRole", "principalId": "AROAIJIESMXKGCJRCTPR6:bpatel@splunk.local", "arn": "arn:aws:sts::591511147606:assumed-role/okta_adm_role/bpatel@splunk.local", "accountId": "591511147606", "sessionContext": {"sessionIssuer": {"type": "Role", "principalId": "AROAIJIESMXKGCJRCTPR6", "arn": "arn:aws:iam::591511147606:role/okta_adm_role", "accountId": "591511147606", "userName": "okta_adm_role"}, "webIdFederationData": {}, "attributes": {"mfaAuthenticated": "false", "creationDate": "2021-03-05T01:00:14Z"}}}, "eventTime": "2021-03-05T01:00:15Z", "eventSource": "signin.amazonaws.com", "eventName": "ConsoleLogin", "awsRegion": "us-east-1", "sourceIPAddress": "73.15.72.101", "userAgent": "Mozilla/5.0 (Macintosh; Intel Mac OS X 10_15_7) AppleWebKit/537.36 (KHTML, like Gecko) Chrome/88.0.4324.192 Safari/537.36", "requestParameters": null, "responseElements": {"ConsoleLogin": "Success"}, "additionalEventData": {"MobileVersion": "No", "MFAUsed": "No"}, "eventID": "5ef8cd3a-4bc1-4cf7-baa2-58337e893f59", "readOnly": false, "eventType": "AwsConsoleSignIn", "managementEvent": true, "eventCategory": "Management", "recipientAccountId": "591511147606"}
{"eventVersion": "1.08", "userIdentity": {"type": "IAMUser", "principalId": "AIDAYTOGP2RLH6DI2J6TQ", "arn": "arn:aws:iam::591511147606:user/AtomicRedTeam", "accountId": "591511147606", "userName": "AtomicRedTeam"}, "eventTime": "2021-03-05T00:56:23Z", "eventSource": "signin.amazonaws.com", "eventName": "ConsoleLogin", "awsRegion": "us-east-1", "sourceIPAddress": "73.15.72.101", "userAgent": "Mozilla/5.0 (Macintosh; Intel Mac OS X 10_15_7) AppleWebKit/537.36 (KHTML, like Gecko) Chrome/88.0.4324.192 Safari/537.36", "requestParameters": null, "responseElements": {"ConsoleLogin": "Success"}, "additionalEventData": {"LoginTo": "https://console.aws.amazon.com/console/home?nc2=h_ct&src=header-signin&state=hashArgs%23&isauthcode=true", "MobileVersion": "No", "MFAUsed": "No"}, "eventID": "28de7e2e-5b44-4bcf-9c49-46fc912fc55f", "readOnly": false, "eventType": "AwsConsoleSignIn", "managementEvent": true, "eventCategory": "Management", "recipientAccountId": "591511147606"}
{"eventVersion": "1.08", "userIdentity": {"type": "AssumedRole", "principalId": "AROAIJIESMXKGCJRCTPR6:bpatel@splunk.local", "arn": "arn:aws:sts::591511147606:assumed-role/okta_adm_role/bpatel@splunk.local", "accountId": "591511147606", "sessionContext": {"sessionIssuer": {"type": "Role", "principalId": "AROAIJIESMXKGCJRCTPR6", "arn": "arn:aws:iam::591511147606:role/okta_adm_role", "accountId": "591511147606", "userName": "okta_adm_role"}, "webIdFederationData": {}, "attributes": {"mfaAuthenticated": "false", "creationDate": "2021-03-05T00:55:03Z"}}}, "eventTime": "2021-03-05T00:55:04Z", "eventSource": "signin.amazonaws.com", "eventName": "ConsoleLogin", "awsRegion": "us-east-1", "sourceIPAddress": "73.15.72.101", "userAgent": "Mozilla/5.0 (Macintosh; Intel Mac OS X 10_15_7) AppleWebKit/537.36 (KHTML, like Gecko) Chrome/88.0.4324.192 Safari/537.36", "requestParameters": null, "responseElements": {"ConsoleLogin": "Success"}, "additionalEventData": {"MobileVersion": "No", "MFAUsed": "No"}, "eventID": "646b0324-6d6c-4681-a072-189d4be4f0c9", "readOnly": false, "eventType": "AwsConsoleSignIn", "managementEvent": true, "eventCategory": "Management", "recipientAccountId": "591511147606"}
{"eventVersion": "1.08", "userIdentity": {"type": "IAMUser", "principalId": "AIDAYTOGP2RLEHRX5YWNV", "arn": "arn:aws:iam::591511147606:user/bhavin_cli", "accountId": "591511147606", "accessKeyId": "AKIAYTOGP2RLLAA6NJUM", "userName": "bhavin_cli"}, "eventTime": "2021-03-05T00:55:01Z", "eventSource": "iam.amazonaws.com", "eventName": "CreateLoginProfile", "awsRegion": "us-east-1", "sourceIPAddress": "73.15.72.101", "userAgent": "aws-cli/2.0.62 Python/3.9.2 Darwin/19.6.0 source/x86_64 command/iam.create-login-profile", "requestParameters": {"userName": "AtomicRedTeam", "passwordResetRequired": false}, "responseElements": {"loginProfile": {"userName": "AtomicRedTeam", "createDate": "Mar 5, 2021 12:55:01 AM", "passwordResetRequired": false}}, "requestID": "cc8d771f-52c7-41d5-ab3e-9cc638a48358", "eventID": "207d6261-095a-4417-b5de-c0aab9ed4bc6", "readOnly": false, "eventType": "AwsApiCall", "managementEvent": true, "eventCategory": "Management", "recipientAccountId": "591511147606"}
{"eventVersion": "1.08", "userIdentity": {"type": "IAMUser", "accountId": "591511147606", "accessKeyId": "", "userName": "HIDDEN_DUE_TO_SECURITY_REASONS"}, "eventTime": "2021-03-05T00:43:46Z", "eventSource": "signin.amazonaws.com", "eventName": "ConsoleLogin", "awsRegion": "us-east-1", "sourceIPAddress": "73.15.72.101", "userAgent": "Mozilla/5.0 (Macintosh; Intel Mac OS X 10_15_7) AppleWebKit/537.36 (KHTML, like Gecko) Chrome/88.0.4324.192 Safari/537.36", "errorMessage": "No username found in supplied account", "requestParameters": null, "responseElements": {"ConsoleLogin": "Failure"}, "additionalEventData": {"LoginTo": "https://console.aws.amazon.com/console/home?nc2=h_ct&src=header-signin&state=hashArgs%23&isauthcode=true", "MobileVersion": "No", "MFAUsed": "No"}, "eventID": "208cc3de-970f-4b9f-bff3-671eb5310b2c", "readOnly": false, "eventType": "AwsConsoleSignIn", "managementEvent": true, "eventCategory": "Management", "recipientAccountId": "591511147606"}
{"eventVersion": "1.08", "userIdentity": {"type": "IAMUser", "accountId": "591511147606", "accessKeyId": "", "userName": "HIDDEN_DUE_TO_SECURITY_REASONS"}, "eventTime": "2021-03-05T00:43:21Z", "eventSource": "signin.amazonaws.com", "eventName": "ConsoleLogin", "awsRegion": "us-east-1", "sourceIPAddress": "73.15.72.101", "userAgent": "Mozilla/5.0 (Macintosh; Intel Mac OS X 10_15_7) AppleWebKit/537.36 (KHTML, like Gecko) Chrome/88.0.4324.192 Safari/537.36", "errorMessage": "No username found in supplied account", "requestParameters": null, "responseElements": {"ConsoleLogin": "Failure"}, "additionalEventData": {"LoginTo": "https://console.aws.amazon.com/console/home?nc2=h_ct&src=header-signin&state=hashArgs%23&isauthcode=true", "MobileVersion": "No", "MFAUsed": "No"}, "eventID": "b95d69ec-b7a8-43b9-927c-42a8b639e8e9", "readOnly": false, "eventType": "AwsConsoleSignIn", "managementEvent": true, "eventCategory": "Management", "recipientAccountId": "591511147606"}
{"eventVersion": "1.08", "userIdentity": {"type": "IAMUser", "principalId": "AIDAYTOGP2RLEZH6O3PIY", "arn": "arn:aws:iam::591511147606:user/AtomicRedTeam", "accountId": "591511147606", "userName": "AtomicRedTeam"}, "eventTime": "2021-03-05T00:41:50Z", "eventSource": "signin.amazonaws.com", "eventName": "ConsoleLogin", "awsRegion": "us-east-1", "sourceIPAddress": "73.15.72.101", "userAgent": "Mozilla/5.0 (Macintosh; Intel Mac OS X 10_15_7) AppleWebKit/537.36 (KHTML, like Gecko) Chrome/88.0.4324.192 Safari/537.36", "requestParameters": null, "responseElements": {"ConsoleLogin": "Success"}, "additionalEventData": {"LoginTo": "https://console.aws.amazon.com/console/home?nc2=h_ct&src=header-signin&state=hashArgs%23&isauthcode=true", "MobileVersion": "No", "MFAUsed": "No"}, "eventID": "8a01edb7-fbd0-4ac6-96a2-8867a6bd2540", "readOnly": false, "eventType": "AwsConsoleSignIn", "managementEvent": true, "eventCategory": "Management", "recipientAccountId": "591511147606"}
{"eventVersion": "1.08", "userIdentity": {"type": "AssumedRole", "principalId": "AROAIJIESMXKGCJRCTPR6:bpatel@splunk.local", "arn": "arn:aws:sts::591511147606:assumed-role/okta_adm_role/bpatel@splunk.local", "accountId": "591511147606", "sessionContext": {"sessionIssuer": {"type": "Role", "principalId": "AROAIJIESMXKGCJRCTPR6", "arn": "arn:aws:iam::591511147606:role/okta_adm_role", "accountId": "591511147606", "userName": "okta_adm_role"}, "webIdFederationData": {}, "attributes": {"mfaAuthenticated": "false", "creationDate": "2021-03-05T00:40:08Z"}}}, "eventTime": "2021-03-05T00:40:10Z", "eventSource": "signin.amazonaws.com", "eventName": "ConsoleLogin", "awsRegion": "us-east-1", "sourceIPAddress": "73.15.72.101", "userAgent": "Mozilla/5.0 (Macintosh; Intel Mac OS X 10_15_7) AppleWebKit/537.36 (KHTML, like Gecko) Chrome/88.0.4324.192 Safari/537.36", "requestParameters": null, "responseElements": {"ConsoleLogin": "Success"}, "additionalEventData": {"MobileVersion": "No", "MFAUsed": "No"}, "eventID": "f7a128e4-327a-44b2-bcbf-90eb908140bd", "readOnly": false, "eventType": "AwsConsoleSignIn", "managementEvent": true, "eventCategory": "Management", "recipientAccountId": "591511147606"}
{"eventVersion": "1.08", "userIdentity": {"type": "IAMUser", "principalId": "AIDAYTOGP2RLEHRX5YWNV", "arn": "arn:aws:iam::591511147606:user/bhavin_cli", "accountId": "591511147606", "accessKeyId": "AKIAYTOGP2RLLAA6NJUM", "userName": "bhavin_cli"}, "eventTime": "2021-03-05T00:31:22Z", "eventSource": "iam.amazonaws.com", "eventName": "CreateLoginProfile", "awsRegion": "us-east-1", "sourceIPAddress": "73.15.72.101", "userAgent": "aws-cli/2.0.62 Python/3.9.2 Darwin/19.6.0 source/x86_64 command/iam.create-login-profile", "requestParameters": {"userName": "AtomicRedTeam", "passwordResetRequired": false}, "responseElements": {"loginProfile": {"userName": "AtomicRedTeam", "createDate": "Mar 5, 2021 12:31:22 AM", "passwordResetRequired": false}}, "requestID": "591d8695-40cb-4055-8090-0164dd9cd4b6", "eventID": "2ae5bd94-c6dc-4b78-b2bb-0c8749eaad08", "readOnly": false, "eventType": "AwsApiCall", "managementEvent": true, "eventCategory": "Management", "recipientAccountId": "591511147606"}
{"eventVersion": "1.08", "userIdentity": {"type": "AssumedRole", "principalId": "AROAIJIESMXKGCJRCTPR6:bpatel@splunk.local", "arn": "arn:aws:sts::591511147606:assumed-role/okta_adm_role/bpatel@splunk.local", "accountId": "591511147606", "sessionContext": {"sessionIssuer": {"type": "Role", "principalId": "AROAIJIESMXKGCJRCTPR6", "arn": "arn:aws:iam::591511147606:role/okta_adm_role", "accountId": "591511147606", "userName": "okta_adm_role"}, "webIdFederationData": {}, "attributes": {"mfaAuthenticated": "false", "creationDate": "2021-03-04T17:24:56Z"}}}, "eventTime": "2021-03-04T17:24:58Z", "eventSource": "signin.amazonaws.com", "eventName": "ConsoleLogin", "awsRegion": "us-east-1", "sourceIPAddress": "73.15.72.101", "userAgent": "Mozilla/5.0 (Macintosh; Intel Mac OS X 10_15_7) AppleWebKit/537.36 (KHTML, like Gecko) Chrome/88.0.4324.192 Safari/537.36", "requestParameters": null, "responseElements": {"ConsoleLogin": "Success"}, "additionalEventData": {"MobileVersion": "No", "MFAUsed": "No"}, "eventID": "81eeb551-1a37-4df7-b410-2589a8add706", "readOnly": false, "eventType": "AwsConsoleSignIn", "managementEvent": true, "eventCategory": "Management", "recipientAccountId": "591511147606"}
{"eventVersion": "1.08", "userIdentity": {"type": "AssumedRole", "principalId": "AROAIJIESMXKGCJRCTPR6:bpatel@splunk.local", "arn": "arn:aws:sts::591511147606:assumed-role/okta_adm_role/bpatel@splunk.local", "accountId": "591511147606", "sessionContext": {"sessionIssuer": {"type": "Role", "principalId": "AROAIJIESMXKGCJRCTPR6", "arn": "arn:aws:iam::591511147606:role/okta_adm_role", "accountId": "591511147606", "userName": "okta_adm_role"}, "webIdFederationData": {}, "attributes": {"mfaAuthenticated": "false", "creationDate": "2021-03-03T21:50:44Z"}}}, "eventTime": "2021-03-03T21:50:46Z", "eventSource": "signin.amazonaws.com", "eventName": "ConsoleLogin", "awsRegion": "us-east-1", "sourceIPAddress": "73.15.72.101", "userAgent": "Mozilla/5.0 (Macintosh; Intel Mac OS X 10_15_7) AppleWebKit/537.36 (KHTML, like Gecko) Chrome/88.0.4324.192 Safari/537.36", "requestParameters": null, "responseElements": {"ConsoleLogin": "Success"}, "additionalEventData": {"MobileVersion": "No", "MFAUsed": "No"}, "eventID": "8f8a1353-36a0-48a1-8f3d-b7124c25f8d5", "readOnly": false, "eventType": "AwsConsoleSignIn", "managementEvent": true, "eventCategory": "Management", "recipientAccountId": "591511147606"}
{"eventVersion": "1.08", "userIdentity": {"type": "AssumedRole", "principalId": "AROAIJIESMXKGCJRCTPR6:bpatel@splunk.local", "arn": "arn:aws:sts::591511147606:assumed-role/okta_adm_role/bpatel@splunk.local", "accountId": "591511147606", "sessionContext": {"sessionIssuer": {"type": "Role", "principalId": "AROAIJIESMXKGCJRCTPR6", "arn": "arn:aws:iam::591511147606:role/okta_adm_role", "accountId": "591511147606", "userName": "okta_adm_role"}, "webIdFederationData": {}, "attributes": {"mfaAuthenticated": "false", "creationDate": "2021-03-03T00:49:24Z"}}}, "eventTime": "2021-03-03T00:49:25Z", "eventSource": "signin.amazonaws.com", "eventName": "ConsoleLogin", "awsRegion": "us-east-1", "sourceIPAddress": "73.15.72.101", "userAgent": "Mozilla/5.0 (Macintosh; Intel Mac OS X 10_15_7) AppleWebKit/537.36 (KHTML, like Gecko) Chrome/88.0.4324.192 Safari/537.36", "requestParameters": null, "responseElements": {"ConsoleLogin": "Success"}, "additionalEventData": {"MobileVersion": "No", "MFAUsed": "No"}, "eventID": "26861701-f204-4c9a-b89e-f60eed08f3f8", "readOnly": false, "eventType": "AwsConsoleSignIn", "managementEvent": true, "eventCategory": "Management", "recipientAccountId": "591511147606"}
{"eventVersion": "1.08", "userIdentity": {"type": "AssumedRole", "principalId": "AROAIJIESMXKGCJRCTPR6:bpatel@splunk.local", "arn": "arn:aws:sts::591511147606:assumed-role/okta_adm_role/bpatel@splunk.local", "accountId": "591511147606", "sessionContext": {"sessionIssuer": {"type": "Role", "principalId": "AROAIJIESMXKGCJRCTPR6", "arn": "arn:aws:iam::591511147606:role/okta_adm_role", "accountId": "591511147606", "userName": "okta_adm_role"}, "webIdFederationData": {}, "attributes": {"mfaAuthenticated": "false", "creationDate": "2021-03-02T23:42:56Z"}}}, "eventTime": "2021-03-02T23:42:57Z", "eventSource": "signin.amazonaws.com", "eventName": "ConsoleLogin", "awsRegion": "us-east-1", "sourceIPAddress": "73.15.72.101", "userAgent": "Mozilla/5.0 (Macintosh; Intel Mac OS X 10_15_7) AppleWebKit/537.36 (KHTML, like Gecko) Chrome/88.0.4324.192 Safari/537.36", "requestParameters": null, "responseElements": {"ConsoleLogin": "Success"}, "additionalEventData": {"MobileVersion": "No", "MFAUsed": "No"}, "eventID": "534f84cc-053b-4d76-8cb2-3e3bcba0adf8", "readOnly": false, "eventType": "AwsConsoleSignIn", "managementEvent": true, "eventCategory": "Management", "recipientAccountId": "591511147606"}
{"eventVersion": "1.08", "userIdentity": {"type": "AssumedRole", "principalId": "AROAIJIESMXKGCJRCTPR6:bpatel@splunk.local", "arn": "arn:aws:sts::591511147606:assumed-role/okta_adm_role/bpatel@splunk.local", "accountId": "591511147606", "sessionContext": {"sessionIssuer": {"type": "Role", "principalId": "AROAIJIESMXKGCJRCTPR6", "arn": "arn:aws:iam::591511147606:role/okta_adm_role", "accountId": "591511147606", "userName": "okta_adm_role"}, "webIdFederationData": {}, "attributes": {"mfaAuthenticated": "false", "creationDate": "2021-03-02T17:33:43Z"}}}, "eventTime": "2021-03-02T17:33:44Z", "eventSource": "signin.amazonaws.com", "eventName": "ConsoleLogin", "awsRegion": "us-east-1", "sourceIPAddress": "73.15.72.101", "userAgent": "Mozilla/5.0 (Macintosh; Intel Mac OS X 10_15_7) AppleWebKit/537.36 (KHTML, like Gecko) Chrome/88.0.4324.192 Safari/537.36", "requestParameters": null, "responseElements": {"ConsoleLogin": "Success"}, "additionalEventData": {"MobileVersion": "No", "MFAUsed": "No"}, "eventID": "531c32a9-0e03-4f77-a3c7-b51d14f70121", "readOnly": false, "eventType": "AwsConsoleSignIn", "managementEvent": true, "eventCategory": "Management", "recipientAccountId": "591511147606"}
{"eventVersion": "1.08", "userIdentity": {"type": "AssumedRole", "principalId": "AROAIJIESMXKGCJRCTPR6:bpatel@splunk.local", "arn": "arn:aws:sts::591511147606:assumed-role/okta_adm_role/bpatel@splunk.local", "accountId": "591511147606", "sessionContext": {"sessionIssuer": {"type": "Role", "principalId": "AROAIJIESMXKGCJRCTPR6", "arn": "arn:aws:iam::591511147606:role/okta_adm_role", "accountId": "591511147606", "userName": "okta_adm_role"}, "webIdFederationData": {}, "attributes": {"mfaAuthenticated": "false", "creationDate": "2021-03-01T23:04:00Z"}}}, "eventTime": "2021-03-01T23:04:02Z", "eventSource": "signin.amazonaws.com", "eventName": "ConsoleLogin", "awsRegion": "us-east-1", "sourceIPAddress": "73.15.72.101", "userAgent": "Mozilla/5.0 (Macintosh; Intel Mac OS X 10_15_7) AppleWebKit/537.36 (KHTML, like Gecko) Chrome/88.0.4324.192 Safari/537.36", "requestParameters": null, "responseElements": {"ConsoleLogin": "Success"}, "additionalEventData": {"MobileVersion": "No", "MFAUsed": "No"}, "eventID": "ccdc8a56-445d-4386-8d14-1c6e00271431", "readOnly": false, "eventType": "AwsConsoleSignIn", "managementEvent": true, "eventCategory": "Management", "recipientAccountId": "591511147606"}
{"eventVersion": "1.08", "userIdentity": {"type": "AssumedRole", "principalId": "AROAIJIESMXKGCJRCTPR6:bpatel@splunk.local", "arn": "arn:aws:sts::591511147606:assumed-role/okta_adm_role/bpatel@splunk.local", "accountId": "591511147606", "sessionContext": {"sessionIssuer": {"type": "Role", "principalId": "AROAIJIESMXKGCJRCTPR6", "arn": "arn:aws:iam::591511147606:role/okta_adm_role", "accountId": "591511147606", "userName": "okta_adm_role"}, "webIdFederationData": {}, "attributes": {"mfaAuthenticated": "false", "creationDate": "2021-03-01T18:16:38Z"}}}, "eventTime": "2021-03-01T18:16:39Z", "eventSource": "signin.amazonaws.com", "eventName": "ConsoleLogin", "awsRegion": "us-east-1", "sourceIPAddress": "73.15.72.101", "userAgent": "Mozilla/5.0 (Macintosh; Intel Mac OS X 10_15_7) AppleWebKit/537.36 (KHTML, like Gecko) Chrome/88.0.4324.192 Safari/537.36", "requestParameters": null, "responseElements": {"ConsoleLogin": "Success"}, "additionalEventData": {"MobileVersion": "No", "MFAUsed": "No"}, "eventID": "1e7af40c-4e54-4d0b-a76b-6c33c055fd26", "readOnly": false, "eventType": "AwsConsoleSignIn", "managementEvent": true, "eventCategory": "Management", "recipientAccountId": "591511147606"}
{"eventVersion": "1.08", "userIdentity": {"type": "AssumedRole", "principalId": "AROAIJIESMXKGCJRCTPR6:bpatel@splunk.local", "arn": "arn:aws:sts::591511147606:assumed-role/okta_adm_role/bpatel@splunk.local", "accountId": "591511147606", "sessionContext": {"sessionIssuer": {"type": "Role", "principalId": "AROAIJIESMXKGCJRCTPR6", "arn": "arn:aws:iam::591511147606:role/okta_adm_role", "accountId": "591511147606", "userName": "okta_adm_role"}, "webIdFederationData": {}, "attributes": {"mfaAuthenticated": "false", "creationDate": "2021-02-26T23:48:02Z"}}}, "eventTime": "2021-02-26T23:48:03Z", "eventSource": "signin.amazonaws.com", "eventName": "ConsoleLogin", "awsRegion": "us-east-1", "sourceIPAddress": "73.15.72.101", "userAgent": "Mozilla/5.0 (Macintosh; Intel Mac OS X 10_15_7) AppleWebKit/537.36 (KHTML, like Gecko) Chrome/88.0.4324.150 Safari/537.36", "requestParameters": null, "responseElements": {"ConsoleLogin": "Success"}, "additionalEventData": {"MobileVersion": "No", "MFAUsed": "No"}, "eventID": "97d9ce7d-e6ca-47be-aad5-2e8c5eea4c3b", "readOnly": false, "eventType": "AwsConsoleSignIn", "managementEvent": true, "eventCategory": "Management", "recipientAccountId": "591511147606"}
{"eventVersion": "1.08", "userIdentity": {"type": "AssumedRole", "principalId": "AROAIJIESMXKGCJRCTPR6:bpatel@splunk.local", "arn": "arn:aws:sts::591511147606:assumed-role/okta_adm_role/bpatel@splunk.local", "accountId": "591511147606", "sessionContext": {"sessionIssuer": {"type": "Role", "principalId": "AROAIJIESMXKGCJRCTPR6", "arn": "arn:aws:iam::591511147606:role/okta_adm_role", "accountId": "591511147606", "userName": "okta_adm_role"}, "webIdFederationData": {}, "attributes": {"mfaAuthenticated": "false", "creationDate": "2021-02-26T00:57:12Z"}}}, "eventTime": "2021-02-26T00:57:14Z", "eventSource": "signin.amazonaws.com", "eventName": "ConsoleLogin", "awsRegion": "us-east-1", "sourceIPAddress": "73.15.72.101", "userAgent": "Mozilla/5.0 (Macintosh; Intel Mac OS X 10_15_7) AppleWebKit/537.36 (KHTML, like Gecko) Chrome/88.0.4324.150 Safari/537.36", "requestParameters": null, "responseElements": {"ConsoleLogin": "Success"}, "additionalEventData": {"MobileVersion": "No", "MFAUsed": "No"}, "eventID": "53b08d5a-dc99-4984-9770-3fa1e5af1ec3", "readOnly": false, "eventType": "AwsConsoleSignIn", "managementEvent": true, "eventCategory": "Management", "recipientAccountId": "591511147606"}
{"eventVersion": "1.08", "userIdentity": {"type": "AssumedRole", "principalId": "AROAIJIESMXKGCJRCTPR6:bpatel@splunk.local", "arn": "arn:aws:sts::591511147606:assumed-role/okta_adm_role/bpatel@splunk.local", "accountId": "591511147606", "sessionContext": {"sessionIssuer": {"type": "Role", "principalId": "AROAIJIESMXKGCJRCTPR6", "arn": "arn:aws:iam::591511147606:role/okta_adm_role", "accountId": "591511147606", "userName": "okta_adm_role"}, "webIdFederationData": {}, "attributes": {"mfaAuthenticated": "false", "creationDate": "2021-02-25T18:44:15Z"}}}, "eventTime": "2021-02-25T18:44:16Z", "eventSource": "signin.amazonaws.com", "eventName": "ConsoleLogin", "awsRegion": "us-east-1", "sourceIPAddress": "73.15.72.101", "userAgent": "Mozilla/5.0 (Macintosh; Intel Mac OS X 10_15_7) AppleWebKit/537.36 (KHTML, like Gecko) Chrome/88.0.4324.150 Safari/537.36", "requestParameters": null, "responseElements": {"ConsoleLogin": "Success"}, "additionalEventData": {"MobileVersion": "No", "MFAUsed": "No"}, "eventID": "b1093abf-4de5-4f96-b0b5-89ed8e758ede", "readOnly": false, "eventType": "AwsConsoleSignIn", "managementEvent": true, "eventCategory": "Management", "recipientAccountId": "591511147606"}
{"eventVersion": "1.08", "userIdentity": {"type": "AssumedRole", "principalId": "AROAIJIESMXKGCJRCTPR6:bpatel@splunk.local", "arn": "arn:aws:sts::591511147606:assumed-role/okta_adm_role/bpatel@splunk.local", "accountId": "591511147606", "sessionContext": {"sessionIssuer": {"type": "Role", "principalId": "AROAIJIESMXKGCJRCTPR6", "arn": "arn:aws:iam::591511147606:role/okta_adm_role", "accountId": "591511147606", "userName": "okta_adm_role"}, "webIdFederationData": {}, "attributes": {"mfaAuthenticated": "false", "creationDate": "2021-02-25T00:03:26Z"}}}, "eventTime": "2021-02-25T00:03:28Z", "eventSource": "signin.amazonaws.com", "eventName": "ConsoleLogin", "awsRegion": "us-east-1", "sourceIPAddress": "73.15.72.101", "userAgent": "Mozilla/5.0 (Macintosh; Intel Mac OS X 10_15_7) AppleWebKit/537.36 (KHTML, like Gecko) Chrome/88.0.4324.150 Safari/537.36", "requestParameters": null, "responseElements": {"ConsoleLogin": "Success"}, "additionalEventData": {"MobileVersion": "No", "MFAUsed": "No"}, "eventID": "ea52ede2-73b3-41ae-a7a5-8d46b793c910", "readOnly": false, "eventType": "AwsConsoleSignIn", "managementEvent": true, "eventCategory": "Management", "recipientAccountId": "591511147606"}
{"eventVersion": "1.08", "userIdentity": {"type": "AssumedRole", "principalId": "AROAIJIESMXKGCJRCTPR6:bpatel@splunk.local", "arn": "arn:aws:sts::591511147606:assumed-role/okta_adm_role/bpatel@splunk.local", "accountId": "591511147606", "sessionContext": {"sessionIssuer": {"type": "Role", "principalId": "AROAIJIESMXKGCJRCTPR6", "arn": "arn:aws:iam::591511147606:role/okta_adm_role", "accountId": "591511147606", "userName": "okta_adm_role"}, "webIdFederationData": {}, "attributes": {"mfaAuthenticated": "false", "creationDate": "2021-02-24T21:15:15Z"}}}, "eventTime": "2021-02-24T21:15:16Z", "eventSource": "signin.amazonaws.com", "eventName": "ConsoleLogin", "awsRegion": "us-east-1", "sourceIPAddress": "73.15.72.101", "userAgent": "Mozilla/5.0 (Macintosh; Intel Mac OS X 10_15_7) AppleWebKit/537.36 (KHTML, like Gecko) Chrome/88.0.4324.150 Safari/537.36", "requestParameters": null, "responseElements": {"ConsoleLogin": "Success"}, "additionalEventData": {"MobileVersion": "No", "MFAUsed": "No"}, "eventID": "c4d8bd08-7cdd-4826-8211-75f91fa9ba0d", "readOnly": false, "eventType": "AwsConsoleSignIn", "managementEvent": true, "eventCategory": "Management", "recipientAccountId": "591511147606"}
{"eventVersion": "1.08", "userIdentity": {"type": "AssumedRole", "principalId": "AROAIJIESMXKGCJRCTPR6:bpatel@splunk.local", "arn": "arn:aws:sts::591511147606:assumed-role/okta_adm_role/bpatel@splunk.local", "accountId": "591511147606", "sessionContext": {"sessionIssuer": {"type": "Role", "principalId": "AROAIJIESMXKGCJRCTPR6", "arn": "arn:aws:iam::591511147606:role/okta_adm_role", "accountId": "591511147606", "userName": "okta_adm_role"}, "webIdFederationData": {}, "attributes": {"mfaAuthenticated": "false", "creationDate": "2021-02-23T19:36:43Z"}}}, "eventTime": "2021-02-23T19:36:44Z", "eventSource": "signin.amazonaws.com", "eventName": "ConsoleLogin", "awsRegion": "us-east-1", "sourceIPAddress": "73.15.72.101", "userAgent": "Mozilla/5.0 (Macintosh; Intel Mac OS X 10_15_7) AppleWebKit/537.36 (KHTML, like Gecko) Chrome/88.0.4324.150 Safari/537.36", "requestParameters": null, "responseElements": {"ConsoleLogin": "Success"}, "additionalEventData": {"MobileVersion": "No", "MFAUsed": "No"}, "eventID": "bbeb6dfa-7a02-4a17-af8f-726f4a0d7171", "readOnly": false, "eventType": "AwsConsoleSignIn", "managementEvent": true, "eventCategory": "Management", "recipientAccountId": "591511147606"}
{"eventVersion": "1.08", "userIdentity": {"type": "AssumedRole", "principalId": "AROAIJIESMXKGCJRCTPR6:bpatel@splunk.local", "arn": "arn:aws:sts::591511147606:assumed-role/okta_adm_role/bpatel@splunk.local", "accountId": "591511147606", "sessionContext": {"sessionIssuer": {"type": "Role", "principalId": "AROAIJIESMXKGCJRCTPR6", "arn": "arn:aws:iam::591511147606:role/okta_adm_role", "accountId": "591511147606", "userName": "okta_adm_role"}, "webIdFederationData": {}, "attributes": {"mfaAuthenticated": "false", "creationDate": "2021-02-22T19:25:24Z"}}}, "eventTime": "2021-02-22T19:25:25Z", "eventSource": "signin.amazonaws.com", "eventName": "ConsoleLogin", "awsRegion": "us-east-1", "sourceIPAddress": "73.15.72.101", "userAgent": "Mozilla/5.0 (Macintosh; Intel Mac OS X 10_15_7) AppleWebKit/537.36 (KHTML, like Gecko) Chrome/88.0.4324.150 Safari/537.36", "requestParameters": null, "responseElements": {"ConsoleLogin": "Success"}, "additionalEventData": {"MobileVersion": "No", "MFAUsed": "No"}, "eventID": "646b8ed5-449a-40ea-9ada-8337de07d2c7", "readOnly": false, "eventType": "AwsConsoleSignIn", "managementEvent": true, "eventCategory": "Management", "recipientAccountId": "591511147606"}
{"eventVersion": "1.08", "userIdentity": {"type": "AssumedRole", "principalId": "AROAIJIESMXKGCJRCTPR6:bpatel@splunk.local", "arn": "arn:aws:sts::591511147606:assumed-role/okta_adm_role/bpatel@splunk.local", "accountId": "591511147606", "sessionContext": {"sessionIssuer": {"type": "Role", "principalId": "AROAIJIESMXKGCJRCTPR6", "arn": "arn:aws:iam::591511147606:role/okta_adm_role", "accountId": "591511147606", "userName": "okta_adm_role"}, "webIdFederationData": {}, "attributes": {"mfaAuthenticated": "false", "creationDate": "2021-02-19T21:11:11Z"}}}, "eventTime": "2021-02-19T21:11:12Z", "eventSource": "signin.amazonaws.com", "eventName": "ConsoleLogin", "awsRegion": "us-east-1", "sourceIPAddress": "73.15.72.101", "userAgent": "Mozilla/5.0 (Macintosh; Intel Mac OS X 10_15_7) AppleWebKit/537.36 (KHTML, like Gecko) Chrome/88.0.4324.150 Safari/537.36", "requestParameters": null, "responseElements": {"ConsoleLogin": "Success"}, "additionalEventData": {"MobileVersion": "No", "MFAUsed": "No"}, "eventID": "e54bb3b9-7049-48a7-8ce9-271022e8bbab", "readOnly": false, "eventType": "AwsConsoleSignIn", "managementEvent": true, "eventCategory": "Management", "recipientAccountId": "591511147606"}
{"eventVersion": "1.08", "userIdentity": {"type": "AssumedRole", "principalId": "AROAIJIESMXKGCJRCTPR6:bpatel@splunk.local", "arn": "arn:aws:sts::591511147606:assumed-role/okta_adm_role/bpatel@splunk.local", "accountId": "591511147606", "sessionContext": {"sessionIssuer": {"type": "Role", "principalId": "AROAIJIESMXKGCJRCTPR6", "arn": "arn:aws:iam::591511147606:role/okta_adm_role", "accountId": "591511147606", "userName": "okta_adm_role"}, "webIdFederationData": {}, "attributes": {"mfaAuthenticated": "false", "creationDate": "2021-02-19T20:06:36Z"}}}, "eventTime": "2021-02-19T20:06:37Z", "eventSource": "signin.amazonaws.com", "eventName": "ConsoleLogin", "awsRegion": "us-east-1", "sourceIPAddress": "73.15.72.101", "userAgent": "Mozilla/5.0 (Macintosh; Intel Mac OS X 10_15_7) AppleWebKit/537.36 (KHTML, like Gecko) Chrome/88.0.4324.150 Safari/537.36", "requestParameters": null, "responseElements": {"ConsoleLogin": "Success"}, "additionalEventData": {"MobileVersion": "No", "MFAUsed": "No"}, "eventID": "ee3f97d4-de9c-4fe9-b37f-7791954cae27", "readOnly": false, "eventType": "AwsConsoleSignIn", "managementEvent": true, "eventCategory": "Management", "recipientAccountId": "591511147606"}
{"eventVersion": "1.08", "userIdentity": {"type": "AssumedRole", "principalId": "AROAIJIESMXKGCJRCTPR6:bpatel@splunk.local", "arn": "arn:aws:sts::591511147606:assumed-role/okta_adm_role/bpatel@splunk.local", "accountId": "591511147606", "sessionContext": {"sessionIssuer": {"type": "Role", "principalId": "AROAIJIESMXKGCJRCTPR6", "arn": "arn:aws:iam::591511147606:role/okta_adm_role", "accountId": "591511147606", "userName": "okta_adm_role"}, "webIdFederationData": {}, "attributes": {"mfaAuthenticated": "false", "creationDate": "2021-02-19T00:10:02Z"}}}, "eventTime": "2021-02-19T00:10:04Z", "eventSource": "signin.amazonaws.com", "eventName": "ConsoleLogin", "awsRegion": "us-east-1", "sourceIPAddress": "73.15.72.101", "userAgent": "Mozilla/5.0 (Macintosh; Intel Mac OS X 10_15_7) AppleWebKit/537.36 (KHTML, like Gecko) Chrome/88.0.4324.150 Safari/537.36", "requestParameters": null, "responseElements": {"ConsoleLogin": "Success"}, "additionalEventData": {"MobileVersion": "No", "MFAUsed": "No"}, "eventID": "ea183d02-be2d-447a-bd65-3f6c46a8dfbc", "readOnly": false, "eventType": "AwsConsoleSignIn", "managementEvent": true, "eventCategory": "Management", "recipientAccountId": "591511147606"}
{"eventVersion": "1.08", "userIdentity": {"type": "AssumedRole", "principalId": "AROAIJIESMXKGCJRCTPR6:bpatel@splunk.local", "arn": "arn:aws:sts::591511147606:assumed-role/okta_adm_role/bpatel@splunk.local", "accountId": "591511147606", "sessionContext": {"sessionIssuer": {"type": "Role", "principalId": "AROAIJIESMXKGCJRCTPR6", "arn": "arn:aws:iam::591511147606:role/okta_adm_role", "accountId": "591511147606", "userName": "okta_adm_role"}, "webIdFederationData": {}, "attributes": {"mfaAuthenticated": "false", "creationDate": "2021-02-17T20:39:03Z"}}}, "eventTime": "2021-02-17T20:39:04Z", "eventSource": "signin.amazonaws.com", "eventName": "ConsoleLogin", "awsRegion": "us-east-1", "sourceIPAddress": "73.15.72.101", "userAgent": "Mozilla/5.0 (Macintosh; Intel Mac OS X 10_15_7) AppleWebKit/537.36 (KHTML, like Gecko) Chrome/88.0.4324.150 Safari/537.36", "requestParameters": null, "responseElements": {"ConsoleLogin": "Success"}, "additionalEventData": {"MobileVersion": "No", "MFAUsed": "No"}, "eventID": "e801f69d-240c-4b44-a62d-871e5b1d241f", "readOnly": false, "eventType": "AwsConsoleSignIn", "managementEvent": true, "eventCategory": "Management", "recipientAccountId": "591511147606"}
{"eventVersion": "1.08", "userIdentity": {"type": "AssumedRole", "principalId": "AROAIJIESMXKGCJRCTPR6:bpatel@splunk.local", "arn": "arn:aws:sts::591511147606:assumed-role/okta_adm_role/bpatel@splunk.local", "accountId": "591511147606", "sessionContext": {"sessionIssuer": {"type": "Role", "principalId": "AROAIJIESMXKGCJRCTPR6", "arn": "arn:aws:iam::591511147606:role/okta_adm_role", "accountId": "591511147606", "userName": "okta_adm_role"}, "webIdFederationData": {}, "attributes": {"mfaAuthenticated": "false", "creationDate": "2021-02-17T20:36:52Z"}}}, "eventTime": "2021-02-17T20:36:53Z", "eventSource": "signin.amazonaws.com", "eventName": "ConsoleLogin", "awsRegion": "us-east-1", "sourceIPAddress": "73.15.72.101", "userAgent": "Mozilla/5.0 (Macintosh; Intel Mac OS X 10_15_7) AppleWebKit/537.36 (KHTML, like Gecko) Chrome/88.0.4324.150 Safari/537.36", "requestParameters": null, "responseElements": {"ConsoleLogin": "Success"}, "additionalEventData": {"MobileVersion": "No", "MFAUsed": "No"}, "eventID": "b8645200-a507-4c02-a9fc-14d8a203095c", "readOnly": false, "eventType": "AwsConsoleSignIn", "managementEvent": true, "eventCategory": "Management", "recipientAccountId": "591511147606"}
{"eventVersion": "1.08", "userIdentity": {"type": "AssumedRole", "principalId": "AROAIJIESMXKGCJRCTPR6:bpatel@splunk.local", "arn": "arn:aws:sts::591511147606:assumed-role/okta_adm_role/bpatel@splunk.local", "accountId": "591511147606", "sessionContext": {"sessionIssuer": {"type": "Role", "principalId": "AROAIJIESMXKGCJRCTPR6", "arn": "arn:aws:iam::591511147606:role/okta_adm_role", "accountId": "591511147606", "userName": "okta_adm_role"}, "webIdFederationData": {}, "attributes": {"mfaAuthenticated": "false", "creationDate": "2021-02-17T19:18:32Z"}}}, "eventTime": "2021-02-17T19:18:33Z", "eventSource": "signin.amazonaws.com", "eventName": "ConsoleLogin", "awsRegion": "us-east-1", "sourceIPAddress": "73.15.72.101", "userAgent": "Mozilla/5.0 (Macintosh; Intel Mac OS X 10_15_7) AppleWebKit/537.36 (KHTML, like Gecko) Chrome/88.0.4324.150 Safari/537.36", "requestParameters": null, "responseElements": {"ConsoleLogin": "Success"}, "additionalEventData": {"MobileVersion": "No", "MFAUsed": "No"}, "eventID": "81b70a54-c156-4ed0-b5bf-05d708545d3f", "readOnly": false, "eventType": "AwsConsoleSignIn", "managementEvent": true, "eventCategory": "Management", "recipientAccountId": "591511147606"}
{"eventVersion": "1.08", "userIdentity": {"type": "AssumedRole", "principalId": "AROAIJIESMXKGCJRCTPR6:bpatel@splunk.local", "arn": "arn:aws:sts::591511147606:assumed-role/okta_adm_role/bpatel@splunk.local", "accountId": "591511147606", "sessionContext": {"sessionIssuer": {"type": "Role", "principalId": "AROAIJIESMXKGCJRCTPR6", "arn": "arn:aws:iam::591511147606:role/okta_adm_role", "accountId": "591511147606", "userName": "okta_adm_role"}, "webIdFederationData": {}, "attributes": {"mfaAuthenticated": "false", "creationDate": "2021-02-16T19:44:26Z"}}}, "eventTime": "2021-02-16T19:44:27Z", "eventSource": "signin.amazonaws.com", "eventName": "ConsoleLogin", "awsRegion": "us-east-1", "sourceIPAddress": "73.15.72.101", "userAgent": "Mozilla/5.0 (Macintosh; Intel Mac OS X 10_15_7) AppleWebKit/537.36 (KHTML, like Gecko) Chrome/88.0.4324.150 Safari/537.36", "requestParameters": null, "responseElements": {"ConsoleLogin": "Success"}, "additionalEventData": {"MobileVersion": "No", "MFAUsed": "No"}, "eventID": "904feaf6-b8e4-4da6-bac4-316515105fd2", "readOnly": false, "eventType": "AwsConsoleSignIn", "managementEvent": true, "eventCategory": "Management", "recipientAccountId": "591511147606"}
